"","X","COUNTRY","C_ALPHAN","SEX","BIRTH","AGE","EDUCYRS","DEGREE","WORK","WRKHRS","EMPREL","NEMPLOY","WRKSUP","NSUP","ISCO88","MAINSTAT","PARTLIV","SPWORK","SPWRKHRS","SPEMPREL","SPWRKSUP","SPISCO88","SPMAINST","UNION","TOPBOT","VOTE_LE","US_PRTY","PARTY_LR","HHCHILDR","HHTODD","HOMPOP","US_INC","MARITAL","URBRURAL","CASEID","UNEMP","TRAINEE","hhinc","inc_st"
"2",2,840,"US",2,1988,26,16,5,1,40,1,0,2,0,2412,1,1,1,75,1,0,5122,1,3,6,1,6,4,0,0,2,160000,1,2,2.01e+14,0,0,160000,2.24833735
"5",5,840,"US",2,1974,40,11,3,1,37,1,0,2,0,3226,1,1,2,0,1,0,9140,2,0,7,1,2,3,0,0,2,23750,1,1,2.01e+14,0,0,23750,0.669148021
"7",7,840,"US",1,1958,56,16,3,1,6,2,0,2,0,7230,1,1,1,40,1,0,3415,1,3,6,1,6,4,0,0,2,67500,1,2,2.01e+14,0,0,67500,0.267659208
"16",16,840,"US",1,1961,53,12,3,1,40,1,0,2,0,5122,1,1,1,40,1,0,3300,1,1,6,1,2,3,0,0,3,55000,1,2,2.01e+14,0,0,55000,0
"19",19,840,"US",1,1979,35,16,5,1,50,1,0,1,0,1233,1,1,1,30,1,0,3221,1,3,7,1,2,3,0,1,3,160000,1,2,2.01e+14,0,0,160000,2.24833735
"20",20,840,"US",1,1934,80,14,4,2,0,1,0,0,0,5162,6,1,1,40,1,0,5123,1,0,7,1,6,4,0,0,3,55000,1,2,2.01e+14,0,0,55000,0
"24",24,840,"US",2,1962,52,18,6,1,40,1,0,1,0,4115,1,1,1,70,2,0,2221,1,3,8,1,6,4,0,0,3,160000,1,2,2.01e+14,0,0,160000,2.24833735
"25",25,840,"US",1,1972,42,16,5,1,40,1,0,2,0,2131,1,1,1,45,1,0,4190,1,3,7,1,2,3,0,1,3,1e+05,1,2,2.01e+14,0,0,1e+05,0.96357315
"29",29,840,"US",2,1971,43,16,5,2,0,1,0,0,0,2411,7,1,1,50,1,0,1231,1,3,6,1,2,3,0,0,3,160000,1,2,2.01e+14,0,0,160000,2.24833735
"32",32,840,"US",2,1948,66,20,6,2,0,1,0,0,0,2331,6,1,1,40,1,0,2421,1,3,6,1,2,3,0,0,2,160000,1,2,2.01e+14,0,0,160000,2.24833735
"33",33,840,"US",2,1973,41,18,6,2,0,1,0,0,0,2320,7,1,1,40,1,0,2131,1,3,6,1,2,3,2,1,5,160000,1,2,2.01e+14,0,0,160000,2.24833735
"34",34,840,"US",1,1960,54,16,5,1,60,1,0,1,0,3416,1,1,2,0,1,0,1235,7,3,7,1,2,3,0,0,2,160000,1,2,2.01e+14,0,0,160000,2.24833735
"35",35,840,"US",1,1971,43,12,3,2,0,1,0,0,0,2432,7,1,1,40,1,0,1229,1,3,5,0,0,0,2,0,4,32500,1,1,2.01e+14,0,0,32500,0.481786575
"45",45,840,"US",1,1973,41,16,5,1,50,2,0,2,0,3413,1,1,1,40,1,0,4115,1,3,3,1,2,3,0,0,2,1e+05,1,1,2.01e+14,0,0,1e+05,0.96357315
"48",48,840,"US",1,1972,42,20,6,1,40,1,0,1,0,3112,1,1,1,40,1,0,2320,1,3,10,1,3,6,2,0,4,160000,1,2,2.01e+14,0,0,160000,2.24833735
"51",51,840,"US",2,1985,29,12,3,1,50,3,37,1,0,5141,1,1,1,60,2,0,5141,1,0,10,0,0,0,0,0,2,1e+05,1,2,2.01e+14,0,0,1e+05,0.96357315
"53",53,840,"US",2,1954,60,16,5,2,0,1,0,0,0,9140,7,1,2,0,1,0,1319,6,0,5,1,2,3,0,0,2,18750,1,1,2.01e+14,0,0,18750,0.776211704
"54",54,840,"US",2,1976,38,16,5,2,0,1,0,0,0,2412,7,1,1,70,1,0,3410,1,3,4,1,2,3,2,1,5,140000,1,1,2.01e+14,0,0,140000,1.820082617
"67",67,840,"US",1,1959,55,12,3,1,40,2,0,1,0,3416,1,1,1,20,1,0,3231,1,3,6,1,6,4,0,0,2,67500,1,2,2.01e+14,0,0,67500,0.267659208
"68",68,840,"US",2,1976,38,17,6,2,0,1,0,2,0,2331,1,1,1,50,1,0,3121,1,3,9,1,2,3,0,1,3,140000,1,2,2.01e+14,0,0,140000,1.820082617
"70",70,840,"US",1,1960,54,14,3,1,60,1,0,2,0,5220,1,1,2,0,1,0,5220,2,3,6,0,0,0,0,0,1,27500,1,1,2.01e+14,0,0,27500,0.588850258
"72",72,840,"US",1,1966,48,14,4,1,60,1,0,1,0,7230,1,1,1,25,1,0,5122,1,0,6,1,2,3,1,0,3,1e+05,1,2,2.01e+14,0,0,1e+05,0.96357315
"75",75,840,"US",1,1960,54,10,2,1,60,2,0,2,0,7231,1,1,1,40,1,0,3231,1,3,6,1,2,3,1,0,3,55000,1,2,2.01e+14,0,0,55000,0
"94",94,840,"US",1,1968,46,16,5,1,45,1,0,2,0,3480,1,1,1,30,1,0,2359,1,0,6,1,2,3,2,0,4,82500,1,1,2.01e+14,0,0,82500,0.588850258
"95",95,840,"US",1,1964,50,9,2,1,40,1,0,2,0,9131,1,1,1,40,1,0,9131,1,3,6,0,0,0,0,2,7,37500,1,1,2.01e+14,0,0,37500,0.374722892
"96",96,840,"US",2,1973,41,6,1,2,0,1,0,0,0,5123,7,1,1,30,2,0,3131,1,3,9,0,0,0,1,2,5,23750,1,1,2.01e+14,0,0,23750,0.669148021
"97",97,840,"US",2,1961,53,3,0,1,28,1,0,2,0,5133,1,1,1,35,1,0,7411,1,0,2,0,0,0,0,0,3,23750,1,1,2.01e+14,0,0,23750,0.669148021
"98",98,840,"US",2,1979,35,11,2,1,40,2,0,2,0,9131,1,1,1,40,1,0,9140,1,3,5,0,0,0,4,0,6,37500,1,1,2.01e+14,0,0,37500,0.374722892
"100",100,840,"US",2,1953,61,14,3,1,32,1,0,1,0,1225,1,1,2,0,1,0,4113,6,1,6,1,6,4,0,0,2,21750,1,1,2.01e+14,0,0,21750,0.711973494
"101",101,840,"US",1,1958,56,16,3,1,37,1,0,2,0,3432,1,1,2,0,1,0,4121,2,0,6,0,0,0,0,0,2,55000,1,1,2.01e+14,0,0,55000,0
"105",105,840,"US",2,1973,41,16,5,1,40,1,0,1,0,1229,1,1,1,40,2,0,3151,1,3,6,0,0,0,0,0,1,140000,1,1,2.01e+14,0,0,140000,1.820082617
"110",110,840,"US",2,1969,45,13,3,1,44,1,0,1,0,4211,1,1,1,40,1,0,4131,1,3,6,0,0,0,0,0,3,67500,1,1,2.01e+14,0,0,67500,0.267659208
"111",111,840,"US",2,1939,75,16,5,2,0,1,0,0,0,4110,6,1,2,0,1,0,2113,6,3,6,0,0,0,0,0,2,21750,1,2,2.01e+14,0,0,21750,0.711973494
"113",113,840,"US",2,1956,58,16,5,1,50,1,0,1,0,4121,1,1,1,50,2,0,3226,1,3,6,1,6,4,0,0,3,1e+05,1,2,2.01e+14,0,0,1e+05,0.96357315
"114",114,840,"US",1,1942,72,16,5,1,48,3,1,1,0,7222,1,1,2,0,1,0,4110,7,0,5,1,6,4,0,0,2,55000,1,2,2.01e+14,0,0,55000,0
"116",116,840,"US",1,1956,58,13,3,1,40,1,0,2,0,4142,1,1,1,40,1,0,4115,1,3,8,0,0,0,0,0,2,67500,1,2,2.01e+14,0,0,67500,0.267659208
"118",118,840,"US",2,1983,31,13,3,2,0,1,0,0,0,4223,7,1,1,50,1,0,3415,1,3,6,1,6,4,0,1,3,32500,1,2,2.01e+14,0,0,32500,0.481786575
"124",124,840,"US",2,1968,46,18,6,1,40,1,0,2,0,2331,1,1,1,40,1,0,3415,1,1,8,1,2,3,3,0,5,160000,1,2,2.01e+14,0,0,160000,2.24833735
"127",127,840,"US",1,1982,32,19,6,1,50,1,0,2,0,2446,1,1,2,0,1,0,5123,7,0,7,0,0,0,0,0,3,82500,1,1,2.01e+14,0,0,82500,0.588850258
"130",130,840,"US",2,1957,57,12,3,1,20,1,0,2,0,9211,1,1,2,0,1,0,1313,6,0,6,1,2,3,0,0,2,140000,1,2,2.01e+14,0,0,140000,1.820082617
"133",133,840,"US",2,1960,54,16,5,2,0,1,0,0,0,1233,6,1,1,80,2,0,7411,1,0,7,1,2,3,0,0,2,160000,1,1,2.01e+14,0,0,160000,2.24833735
"140",140,840,"US",1,1959,55,20,5,2,0,1,0,0,0,3132,7,1,2,0,1,0,9131,7,0,6,1,2,3,0,0,6,45000,1,1,2.01e+14,0,0,45000,0.214127367
"145",145,840,"US",2,1944,70,17,6,2,0,1,0,0,0,2411,6,1,2,0,1,0,7243,6,3,6,1,2,3,0,0,2,120000,1,2,2.01e+14,0,0,120000,1.391827883
"146",146,840,"US",1,1956,58,16,5,1,40,1,0,2,0,2446,1,1,1,40,1,0,2446,1,1,7,1,6,4,0,0,2,160000,1,2,2.01e+14,0,0,160000,2.24833735
"147",147,840,"US",2,1960,54,14,4,1,32,1,0,2,0,5220,1,1,1,8,2,0,3413,1,3,6,1,2,3,0,0,3,67500,1,2,2.01e+14,0,0,67500,0.267659208
"149",149,840,"US",1,1948,66,15,3,1,51,1,0,2,0,3415,1,1,2,0,1,0,8263,7,0,7,1,2,3,0,0,2,82500,1,2,2.01e+14,0,0,82500,0.588850258
"151",151,840,"US",2,1978,36,6,1,2,0,1,0,0,0,8264,7,1,1,60,1,0,7212,1,3,6,0,0,0,2,1,5,45000,1,2,2.01e+14,0,0,45000,0.214127367
"153",153,840,"US",2,1950,64,18,6,2,0,1,0,0,0,1319,2,1,1,40,1,0,3429,1,0,6,1,6,4,0,0,2,82500,1,2,2.01e+14,1,0,82500,0.588850258
"154",154,840,"US",1,1964,50,18,5,1,60,1,0,1,0,3429,1,1,2,0,1,0,5220,7,3,9,1,2,3,0,0,2,160000,1,2,2.01e+14,0,0,160000,2.24833735
"155",155,840,"US",1,1940,74,16,5,2,0,1,0,0,0,3413,6,1,2,0,1,0,2445,6,0,7,1,2,3,0,0,2,67500,1,2,2.01e+14,0,0,67500,0.267659208
"156",156,840,"US",2,1969,45,17,5,1,40,1,0,2,0,3415,1,1,1,40,1,0,2131,1,0,7,0,0,0,1,0,3,160000,1,2,2.01e+14,0,0,160000,2.24833735
"158",158,840,"US",1,1978,36,12,3,1,70,1,0,1,0,7245,1,1,2,0,1,0,3415,7,1,8,0,0,0,0,0,2,120000,1,2,2.01e+14,0,0,120000,1.391827883
"159",159,840,"US",1,1949,65,12,3,2,0,1,0,0,0,2149,6,1,2,0,1,0,5133,6,3,7,1,2,3,0,0,2,67500,1,2,2.01e+14,0,0,67500,0.267659208
"160",160,840,"US",1,1985,29,18,5,1,50,1,0,1,0,1236,1,1,1,35,1,0,3227,1,0,6,0,0,0,0,0,2,82500,1,2,2.01e+14,0,0,82500,0.588850258
"161",161,840,"US",2,1979,35,12,3,1,23,1,0,2,0,4222,1,1,1,48,1,0,7240,1,3,3,0,0,0,2,1,5,67500,1,2,2.01e+14,0,0,67500,0.267659208
"165",165,840,"US",2,1956,58,15,3,1,38,1,0,2,0,3434,1,1,2,0,1,0,2411,6,1,6,1,2,3,0,0,2,82500,1,2,2.01e+14,0,0,82500,0.588850258
"168",168,840,"US",1,1951,63,16,5,1,20,1,0,1,0,5169,1,1,1,55,1,0,2446,1,3,6,1,3,6,0,0,2,160000,1,2,2.01e+14,0,0,160000,2.24833735
"169",169,840,"US",1,1965,49,16,5,1,50,3,6,1,0,2411,1,1,1,25,2,0,3432,1,3,7,1,6,4,1,0,3,160000,1,1,2.01e+14,0,0,160000,2.24833735
"170",170,840,"US",1,1957,57,20,6,1,24,1,0,1,0,2445,1,1,1,45,1,0,1220,1,0,6,1,6,4,1,0,5,120000,1,1,2.01e+14,0,0,120000,1.391827883
"172",172,840,"US",1,1981,33,12,3,1,80,1,0,2,0,7231,1,1,2,0,1,0,9140,7,0,6,0,0,0,0,0,3,55000,1,2,2.01e+14,0,0,55000,0
"179",179,840,"US",2,1962,52,14,3,1,42,1,0,1,0,1227,1,1,1,45,1,0,2143,1,3,7,1,3,6,1,0,4,160000,1,2,2.01e+14,0,0,160000,2.24833735
"181",181,840,"US",2,1983,31,16,5,1,50,1,0,1,0,4190,1,1,1,40,1,0,2412,1,0,7,0,0,0,0,0,2,140000,1,1,2.01e+14,0,0,140000,1.820082617
"182",182,840,"US",1,1926,88,20,6,2,0,2,0,0,0,2421,6,1,1,20,2,0,4190,1,3,10,1,2,3,0,0,2,160000,1,1,2.01e+14,0,0,160000,2.24833735
"183",183,840,"US",2,1980,34,16,5,1,1,1,0,2,0,2320,1,1,1,40,1,0,2419,1,3,7,1,2,3,0,0,2,160000,1,1,2.01e+14,0,0,160000,2.24833735
"185",185,840,"US",1,1965,49,12,3,1,30,2,0,1,0,7122,1,1,1,35,1,0,5133,1,3,9,1,6,4,0,1,3,67500,1,2,2.01e+14,0,0,67500,0.267659208
"187",187,840,"US",2,1957,57,20,6,1,40,1,0,2,0,2131,1,1,1,40,1,0,4122,1,0,8,1,2,3,0,0,2,160000,1,2,2.01e+14,0,0,160000,2.24833735
"188",188,840,"US",1,1975,39,15,3,1,42,1,0,2,0,8323,1,1,1,41,1,0,2419,1,0,7,1,3,6,0,0,2,1e+05,1,2,2.01e+14,0,0,1e+05,0.96357315
"199",199,840,"US",1,1955,59,20,6,1,30,2,0,2,0,3410,1,1,1,50,1,0,2421,1,3,8,1,2,3,1,0,3,160000,1,2,2.01e+14,0,0,160000,2.24833735
"200",200,840,"US",1,1949,65,17,5,1,60,2,0,1,0,3429,1,1,1,30,2,0,3413,1,0,8,1,2,3,0,0,3,160000,1,2,2.01e+14,0,0,160000,2.24833735
"201",201,840,"US",2,1954,60,20,6,1,40,1,0,2,0,1233,1,1,2,0,1,0,2412,6,3,7,1,2,3,0,0,2,160000,1,2,2.01e+14,0,0,160000,2.24833735
"203",203,840,"US",1,1986,28,16,5,1,50,1,0,2,0,2145,1,1,1,15,1,0,3432,1,0,8,1,2,3,0,0,2,82500,1,2,2.01e+14,0,0,82500,0.588850258
"205",205,840,"US",1,1943,71,18,6,2,0,3,80,0,0,1233,6,1,2,0,1,0,2332,6,3,9,1,6,4,0,0,2,160000,1,2,2.01e+14,0,0,160000,2.24833735
"207",207,840,"US",1,1942,72,17,5,2,0,1,0,0,0,1233,6,1,2,0,1,0,3223,6,3,8,1,2,3,0,0,2,67500,1,2,2.01e+14,0,0,67500,0.267659208
"212",212,840,"US",2,1986,28,14,3,2,0,1,0,0,0,3231,7,1,1,64,1,0,1227,1,3,4,1,2,3,1,1,4,27500,1,2,2.01e+14,0,0,27500,0.588850258
"215",215,840,"US",1,1976,38,17,5,1,50,1,0,1,0,1210,1,1,1,15,1,0,4115,1,3,7,1,2,3,0,0,2,160000,1,2,2.01e+14,0,0,160000,2.24833735
"216",216,840,"US",2,1954,60,16,6,1,60,1,0,1,0,2331,1,1,2,0,1,0,2320,6,1,10,1,2,3,0,0,2,140000,1,2,2.01e+14,0,0,140000,1.820082617
"217",217,840,"US",2,1960,54,18,6,1,24,1,0,2,0,2446,1,1,1,40,1,0,2149,1,1,8,1,2,3,0,0,3,160000,1,2,2.01e+14,0,0,160000,2.24833735
"218",218,840,"US",1,1976,38,16,6,1,50,1,0,2,0,2421,1,1,2,0,1,0,1220,7,3,8,1,2,3,0,2,4,160000,1,2,2.01e+14,0,0,160000,2.24833735
"224",224,840,"US",1,1940,74,19,6,2,0,3,1,0,0,2222,6,1,2,0,1,0,1220,6,3,10,1,2,3,0,0,2,160000,1,2,2.01e+14,0,0,160000,2.24833735
"225",225,840,"US",1,1946,68,16,5,2,0,3,97,0,0,1210,6,1,2,0,1,0,1319,7,3,9,1,6,4,0,0,2,160000,1,2,2.01e+14,0,0,160000,2.24833735
"233",233,840,"US",1,1982,32,13,3,1,50,1,0,2,0,7245,1,1,2,0,1,0,4115,7,1,5,0,0,0,1,1,4,1e+05,1,1,2.01e+14,0,0,1e+05,0.96357315
"234",234,840,"US",2,1940,74,12,3,2,0,1,0,0,0,4222,6,1,2,0,2,0,1313,6,0,10,1,6,4,0,0,2,37500,1,1,2.01e+14,0,0,37500,0.374722892
"235",235,840,"US",1,1964,50,14,3,2,0,1,0,0,0,7230,6,1,1,40,2,0,5131,1,3,4,1,2,3,1,1,5,140000,1,2,2.01e+14,0,0,140000,1.820082617
"236",236,840,"US",1,1951,63,12,3,2,0,1,0,0,0,7137,2,1,1,40,1,0,3416,1,1,6,1,2,3,0,0,2,1e+05,1,2,2.01e+14,1,0,1e+05,0.96357315
"238",238,840,"US",1,1964,50,10,2,1,40,1,0,2,0,7231,1,1,1,40,1,0,4115,1,3,5,0,0,0,0,0,3,1e+05,1,2,2.01e+14,0,0,1e+05,0.96357315
"244",244,840,"US",1,1970,44,20,6,1,40,2,0,1,0,2221,1,1,2,0,1,0,2446,7,3,8,1,2,3,3,0,5,160000,1,2,2.01e+14,0,0,160000,2.24833735
"247",247,840,"US",1,1944,70,16,6,2,0,1,0,0,0,2310,6,1,1,6,1,0,5123,1,0,9,1,2,3,0,0,2,160000,1,2,2.01e+14,0,0,160000,2.24833735
"250",250,840,"US",2,1965,49,16,5,1,32,1,0,2,0,5111,1,1,1,40,1,0,2320,1,0,8,1,6,4,2,0,4,67500,1,2,2.01e+14,0,0,67500,0.267659208
"253",253,840,"US",2,1984,30,16,5,1,50,1,0,1,0,1231,1,1,1,70,1,0,3417,1,0,7,1,6,4,0,1,3,160000,1,1,2.01e+14,0,0,160000,2.24833735
"262",262,840,"US",2,1944,70,13,3,1,36,1,0,2,0,5220,1,1,2,0,2,0,7124,6,3,6,1,6,4,0,0,2,18750,1,2,2.01e+14,0,0,18750,0.776211704
"264",264,840,"US",1,1967,47,16,5,1,50,1,0,1,0,5162,1,1,1,50,1,0,5162,1,0,7,1,6,4,0,0,2,1e+05,1,1,2.01e+14,0,0,1e+05,0.96357315
"265",265,840,"US",1,1981,33,14,4,1,47,2,0,2,0,1233,1,1,1,45,2,0,1233,1,0,7,1,2,3,0,0,4,82500,1,1,2.01e+14,0,0,82500,0.588850258
"267",267,840,"US",2,1958,56,20,6,1,40,1,0,1,0,2310,1,1,1,40,1,0,3417,1,0,7,1,6,4,1,0,3,160000,1,1,2.01e+14,0,0,160000,2.24833735
"269",269,840,"US",2,1952,62,15,4,1,40,1,0,1,0,4115,1,1,2,0,1,0,7243,6,3,5,1,6,4,0,0,2,55000,1,5,2.01e+14,0,0,55000,0
"271",271,840,"US",2,1931,83,20,6,2,0,2,0,0,0,2451,2,1,2,0,2,0,2221,6,3,8,1,2,3,0,0,2,67500,1,2,2.01e+14,1,0,67500,0.267659208
"276",276,840,"US",2,1940,74,17,5,2,0,1,0,0,0,2340,6,1,2,0,1,0,2411,6,1,8,1,6,4,0,0,2,1e+05,1,2,2.01e+14,0,0,1e+05,0.96357315
"278",278,840,"US",1,1956,58,15,3,1,60,1,0,2,0,1233,1,1,1,40,1,0,4114,1,3,7,0,0,0,0,0,2,140000,1,2,2.01e+14,0,0,140000,1.820082617
"279",279,840,"US",2,1971,43,16,5,2,0,1,0,0,0,4121,7,1,1,40,1,0,3415,1,3,9,1,6,4,3,0,5,140000,1,2,2.01e+14,0,0,140000,1.820082617
"281",281,840,"US",1,1950,64,16,5,1,40,1,0,1,0,2411,1,1,1,35,1,0,1227,1,3,7,1,2,3,0,0,2,140000,1,2,2.01e+14,0,0,140000,1.820082617
"282",282,840,"US",2,1943,71,12,3,2,0,1,0,0,0,1227,6,1,1,20,1,0,2142,1,0,6,1,6,4,0,0,2,160000,1,2,2.01e+14,0,0,160000,2.24833735
"283",283,840,"US",1,1947,67,17,5,2,0,1,0,0,0,2411,6,1,1,8,2,0,2332,1,3,6,1,6,4,0,0,2,500,1,2,2.01e+14,0,0,500,1.166994148
"288",288,840,"US",2,1972,42,16,5,1,26,1,0,1,0,5123,1,1,1,65,1,0,3132,1,3,6,1,2,3,1,0,3,55000,1,2,2.01e+14,0,0,55000,0
"289",289,840,"US",2,1968,46,12,3,1,65,1,0,2,0,3231,1,2,1,72,1,0,3111,1,3,5,1,2,3,0,0,1,55000,1,2,2.01e+14,0,0,55000,0
"298",298,840,"US",2,1967,47,12,3,2,0,1,0,0,0,5141,7,1,1,40,1,0,1319,1,0,9,0,0,0,2,0,4,27500,1,1,2.01e+14,0,0,27500,0.588850258
"299",299,840,"US",2,1982,32,14,3,1,50,1,0,1,0,3415,1,1,1,50,1,0,9151,1,3,4,1,3,6,2,2,6,1e+05,1,1,2.01e+14,0,0,1e+05,0.96357315
"302",302,840,"US",2,1967,47,20,6,1,24,2,0,2,0,2331,1,1,1,45,2,0,1233,1,3,8,1,6,4,0,0,2,140000,1,1,2.01e+14,0,0,140000,1.820082617
"305",305,840,"US",1,1934,80,14,3,2,0,1,0,0,0,1226,6,1,1,45,1,0,4115,1,0,4,1,6,4,0,0,2,82500,1,1,2.01e+14,0,0,82500,0.588850258
"306",306,840,"US",2,1964,50,14,4,2,0,1,0,0,0,2230,7,1,1,56,1,0,3450,1,3,8,1,6,4,0,0,2,55000,1,1,2.01e+14,0,0,55000,0
"307",307,840,"US",2,1956,58,16,4,2,0,1,0,0,0,3429,7,1,2,0,1,0,2145,6,3,8,1,6,4,0,0,2,140000,1,1,2.01e+14,0,0,140000,1.820082617
"311",311,840,"US",2,1984,30,15,4,1,35,1,0,2,0,5123,1,1,1,60,1,0,7222,1,0,6,0,0,0,0,0,2,45000,1,2,2.01e+14,0,0,45000,0.214127367
"312",312,840,"US",2,1955,59,10,3,1,20,2,0,2,0,8322,1,1,1,40,1,0,9140,1,0,6,0,0,0,0,0,4,45000,1,2,2.01e+14,0,0,45000,0.214127367
"313",313,840,"US",1,1953,61,16,5,1,40,1,0,2,0,2131,1,1,1,50,1,0,1231,1,0,9,1,2,3,0,0,2,120000,1,2,2.01e+14,0,0,120000,1.391827883
"320",320,840,"US",1,1943,71,18,5,2,0,1,0,0,0,2223,6,1,2,0,1,0,1229,6,0,5,1,6,4,0,0,2,160000,1,2,2.01e+14,0,0,160000,2.24833735
"321",321,840,"US",1,1961,53,16,5,1,50,1,0,1,0,1220,1,1,2,0,1,0,3415,7,3,7,1,6,4,0,0,3,140000,1,2,2.01e+14,0,0,140000,1.820082617
"323",323,840,"US",2,1952,62,12,3,1,36,1,0,1,0,1225,1,1,1,40,1,0,1233,1,3,5,0,0,0,0,0,2,45000,1,2,2.01e+14,0,0,45000,0.214127367
"325",325,840,"US",2,1950,64,12,3,2,0,1,0,0,0,3152,6,1,1,70,1,0,1313,1,3,7,1,6,4,0,0,2,82500,1,2,2.01e+14,0,0,82500,0.588850258
"326",326,840,"US",2,1976,38,18,5,1,35,1,0,2,0,2331,1,1,2,0,1,0,3229,2,0,7,1,2,3,4,0,6,67500,1,2,2.01e+14,0,0,67500,0.267659208
"331",331,840,"US",2,1982,32,20,6,2,0,1,0,2,0,2320,1,1,1,40,1,0,3144,1,3,8,1,2,3,0,1,3,82500,1,2,2.01e+14,0,0,82500,0.588850258
"333",333,840,"US",1,1960,54,14,3,1,56,1,0,1,0,110,1,1,1,40,1,0,4142,1,0,6,1,2,3,0,0,2,67500,1,1,2.01e+14,0,0,67500,0.267659208
"334",334,840,"US",2,1964,50,12,2,1,40,1,0,2,0,3231,1,2,2,0,1,0,1233,9,3,3,0,0,0,0,1,5,67500,1,1,2.01e+14,0,0,67500,0.267659208
"336",336,840,"US",1,1939,75,12,3,1,40,1,0,2,0,4222,1,1,1,40,1,0,3412,1,0,5,1,2,3,0,0,2,67500,1,2,2.01e+14,0,0,67500,0.267659208
"338",338,840,"US",1,1971,43,16,6,1,60,2,0,2,0,1233,1,1,1,60,2,0,5220,1,3,7,1,6,4,3,0,5,67500,1,2,2.01e+14,0,0,67500,0.267659208
"342",342,840,"US",2,1984,30,14,3,2,0,1,0,0,0,2446,7,1,1,50,1,0,1233,1,3,7,1,6,4,0,0,2,140000,1,2,2.01e+14,0,0,140000,1.820082617
"348",348,840,"US",2,1956,58,12,3,1,48,1,0,2,0,2412,1,1,2,0,1,0,1235,6,0,6,1,2,3,0,0,4,67500,1,1,2.01e+14,0,0,67500,0.267659208
"349",349,840,"US",2,1928,86,12,3,2,0,1,0,0,0,4121,7,1,2,0,1,0,2145,6,3,7,1,6,4,0,0,2,45000,1,2,2.01e+14,0,0,45000,0.214127367
"351",351,840,"US",1,1967,47,16,5,1,60,1,0,2,0,5220,1,1,1,50,2,0,3471,1,3,8,1,2,3,2,0,4,160000,1,2,2.01e+14,0,0,160000,2.24833735
"352",352,840,"US",1,1950,64,12,2,2,0,1,0,0,0,9140,6,1,2,0,1,0,4211,6,1,6,1,2,3,0,0,2,55000,1,1,2.01e+14,0,0,55000,0
"353",353,840,"US",1,1951,63,12,3,2,0,1,0,0,0,2149,6,1,2,0,1,0,4115,6,0,6,1,6,4,0,0,2,32500,1,1,2.01e+14,0,0,32500,0.481786575
"355",355,840,"US",1,1945,69,14,3,2,0,1,0,0,0,7222,6,1,2,0,1,0,4132,6,1,6,1,6,4,0,0,2,45000,1,1,2.01e+14,0,0,45000,0.214127367
"362",362,840,"US",1,1956,58,16,5,1,40,1,0,2,0,4121,1,2,2,0,1,0,4121,6,1,4,1,2,3,0,0,2,45000,1,2,2.01e+14,0,0,45000,0.214127367
"365",365,840,"US",2,1970,44,14,3,1,40,1,0,2,0,3211,1,1,1,50,1,0,3416,1,3,6,1,2,3,1,0,3,82500,1,1,2.01e+14,0,0,82500,0.588850258
"366",366,840,"US",1,1960,54,16,4,1,55,2,0,1,0,3413,1,1,2,0,1,0,5220,7,3,5,0,0,0,0,0,3,82500,1,1,2.01e+14,0,0,82500,0.588850258
"369",369,840,"US",2,1979,35,18,6,2,0,1,0,0,0,2149,7,1,1,53,1,0,2131,1,3,7,1,2,3,0,1,3,82500,1,2,2.01e+14,0,0,82500,0.588850258
"371",371,840,"US",1,1962,52,12,3,2,0,1,0,0,0,7141,5,1,1,40,1,0,5139,1,0,6,0,0,0,0,0,2,32500,1,1,2.01e+14,0,0,32500,0.481786575
"372",372,840,"US",2,1986,28,15,4,1,30,1,0,2,0,2340,1,1,1,42,1,0,7124,1,0,7,1,2,3,0,0,2,55000,1,1,2.01e+14,0,0,55000,0
"376",376,840,"US",2,1985,29,19,5,1,40,1,0,2,0,4111,1,1,1,55,1,0,1220,1,0,7,1,2,3,0,0,2,1e+05,1,1,2.01e+14,0,0,1e+05,0.96357315
"378",378,840,"US",1,1979,35,18,5,1,42,1,0,1,0,1236,1,1,1,45,1,0,3417,1,3,6,0,0,0,0,1,3,67500,1,2,2.01e+14,0,0,67500,0.267659208
"379",379,840,"US",1,1961,53,15,3,1,40,3,2,1,0,7137,1,1,1,40,1,0,3432,1,0,8,1,2,3,1,0,3,67500,1,2,2.01e+14,0,0,67500,0.267659208
"383",383,840,"US",2,1963,51,20,6,1,55,1,0,2,0,1233,1,1,1,40,1,0,2411,1,3,6,1,2,3,0,0,2,160000,1,2,2.01e+14,0,0,160000,2.24833735
"386",386,840,"US",2,1954,60,12,3,1,40,1,0,2,0,5220,1,1,2,0,1,0,9140,6,3,6,1,2,3,1,0,4,67500,1,1,2.01e+14,0,0,67500,0.267659208
"398",398,840,"US",1,1959,55,17,5,1,37,1,0,2,0,3226,1,1,1,60,1,0,2149,1,3,8,1,6,4,0,0,2,160000,1,2,2.01e+14,0,0,160000,2.24833735
"399",399,840,"US",1,1963,51,16,5,1,45,1,0,1,0,1231,1,1,1,40,1,0,2131,1,3,4,0,0,0,1,0,4,160000,1,2,2.01e+14,0,0,160000,2.24833735
"403",403,840,"US",1,1982,32,16,5,1,45,1,0,2,0,2145,1,1,2,0,1,0,2340,7,0,7,1,2,3,0,1,3,1e+05,1,2,2.01e+14,0,0,1e+05,0.96357315
"404",404,840,"US",1,1951,63,13,3,2,0,1,0,0,0,7124,6,1,1,35,1,0,2432,1,3,6,1,2,3,0,0,2,45000,1,2,2.01e+14,0,0,45000,0.214127367
"406",406,840,"US",1,1990,24,12,3,1,40,1,0,2,0,9320,1,1,1,40,1,0,5200,1,3,8,1,2,3,0,0,2,45000,1,1,2.01e+14,0,0,45000,0.214127367
"410",410,840,"US",2,1978,36,17,6,1,55,1,0,1,0,3410,1,1,1,55,1,0,2411,1,3,8,1,3,6,0,0,2,160000,1,1,2.01e+14,0,0,160000,2.24833735
"411",411,840,"US",1,1950,64,16,5,2,0,3,30,0,0,7240,6,1,2,0,1,0,2340,6,3,8,1,2,3,0,0,2,82500,1,1,2.01e+14,0,0,82500,0.588850258
"412",412,840,"US",2,1938,76,20,6,2,0,1,0,0,0,2331,6,1,2,0,1,0,2359,6,3,8,1,6,4,0,0,2,55000,1,1,2.01e+14,0,0,55000,0
"414",414,840,"US",2,1947,67,16,5,2,0,1,0,0,0,4115,6,1,1,10,1,0,2310,1,3,8,1,6,4,0,0,2,120000,1,1,2.01e+14,0,0,120000,1.391827883
"415",415,840,"US",1,1974,40,18,6,1,50,1,0,1,0,5162,1,1,1,24,1,0,2230,1,0,8,1,2,3,1,1,4,140000,1,1,2.01e+14,0,0,140000,1.820082617
"416",416,840,"US",2,1970,44,14,3,2,0,1,0,0,0,4121,7,1,1,40,1,0,2131,1,0,8,1,6,4,1,0,4,67500,1,1,2.01e+14,0,0,67500,0.267659208
"420",420,840,"US",1,1954,60,16,5,2,0,1,0,0,0,1235,6,1,1,40,1,0,4115,1,3,6,1,6,4,0,0,2,1e+05,1,1,2.01e+14,0,0,1e+05,0.96357315
"421",421,840,"US",2,1985,29,12,3,1,40,1,0,1,0,1227,1,1,1,40,1,0,3415,1,3,8,1,6,4,1,0,4,120000,1,1,2.01e+14,0,0,120000,1.391827883
"424",424,840,"US",2,1936,78,16,5,2,0,1,0,0,0,2230,6,1,2,0,1,0,3211,6,3,6,1,6,4,0,0,2,16750,1,1,2.01e+14,0,0,16750,0.819037177
"425",425,840,"US",2,1966,48,18,6,1,10,2,0,2,0,2412,1,1,2,0,2,0,2149,7,3,7,1,2,3,0,0,2,160000,1,2,2.01e+14,0,0,160000,2.24833735
"426",426,840,"US",2,1965,49,16,5,1,50,1,0,1,0,1236,1,1,1,60,1,0,3415,1,0,7,1,6,4,1,0,3,160000,1,2,2.01e+14,0,0,160000,2.24833735
"427",427,840,"US",2,1952,62,15,3,1,2,2,0,2,0,2411,1,1,1,50,2,0,1313,1,0,6,1,2,3,0,0,3,67500,1,2,2.01e+14,0,0,67500,0.267659208
"428",428,840,"US",2,1958,56,14,4,1,20,1,0,2,0,2359,1,1,2,0,2,0,1313,6,0,8,1,2,3,0,0,2,82500,1,2,2.01e+14,0,0,82500,0.588850258
"429",429,840,"US",2,1948,66,16,5,2,0,1,0,0,0,2131,6,1,1,50,1,0,7231,1,3,6,1,6,4,0,0,2,1e+05,1,2,2.01e+14,0,0,1e+05,0.96357315
"431",431,840,"US",1,1929,85,11,2,2,0,1,0,0,0,1223,6,1,2,0,1,0,3231,6,0,8,1,99,99,0,0,2,67500,1,2,2.01e+14,0,0,67500,0.267659208
"432",432,840,"US",1,1951,63,11,2,1,40,1,0,1,0,7231,1,1,1,10,2,0,9131,1,3,5,0,0,0,1,0,3,55000,1,2,2.01e+14,0,0,55000,0
"433",433,840,"US",2,1975,39,16,5,1,4,1,0,2,0,3231,1,1,1,40,2,0,1236,1,3,8,1,6,4,0,3,5,67500,1,2,2.01e+14,0,0,67500,0.267659208
"440",440,840,"US",1,1958,56,12,3,1,50,2,0,1,0,9312,1,1,1,40,1,0,4110,1,3,6,1,2,3,0,0,2,55000,1,2,2.01e+14,0,0,55000,0
"441",441,840,"US",2,1948,66,12,3,2,0,1,0,0,0,4115,6,1,2,0,1,0,7136,6,3,7,1,2,3,0,0,3,1e+05,1,2,2.01e+14,0,0,1e+05,0.96357315
"442",442,840,"US",2,1985,29,12,3,2,0,1,0,0,0,1220,3,1,2,0,1,0,110,5,0,6,0,0,0,0,1,3,37500,1,2,2.01e+14,0,0,37500,0.374722892
"445",445,840,"US",2,1955,59,14,4,2,0,1,0,0,0,2131,7,1,1,45,1,0,2131,1,3,6,0,0,0,0,0,2,1e+05,1,2,2.01e+14,0,0,1e+05,0.96357315
"446",446,840,"US",2,1963,51,14,3,2,0,1,0,0,0,3415,7,1,1,40,1,0,1235,1,0,10,1,2,3,0,0,2,67500,1,1,2.01e+14,0,0,67500,0.267659208
"449",449,840,"US",2,1964,50,13,3,1,40,1,0,2,0,4222,1,1,1,40,1,0,8251,1,0,8,0,0,0,0,0,2,67500,1,2,2.01e+14,0,0,67500,0.267659208
"450",450,840,"US",2,1964,50,12,3,1,50,1,0,1,0,1229,1,1,2,0,1,0,9312,7,3,4,1,2,3,1,0,3,82500,1,2,2.01e+14,0,0,82500,0.588850258
"451",451,840,"US",1,1941,73,12,3,2,0,1,0,0,0,7230,6,1,2,0,1,0,5169,7,3,6,1,2,3,0,0,5,32500,1,2,2.01e+14,0,0,32500,0.481786575
"456",456,840,"US",2,1957,57,16,5,2,0,1,0,0,0,4222,7,1,1,40,1,0,2131,1,3,7,1,2,3,0,0,2,140000,1,2,2.01e+14,0,0,140000,1.820082617
"457",457,840,"US",2,1966,48,18,6,1,40,1,0,2,0,2446,1,1,1,40,1,0,1233,1,3,7,0,0,0,1,0,4,1e+05,1,2,2.01e+14,0,0,1e+05,0.96357315
"458",458,840,"US",2,1984,30,19,6,1,50,1,0,2,0,1232,1,1,1,45,1,0,1233,1,3,4,1,2,3,0,2,4,120000,1,2,2.01e+14,0,0,120000,1.391827883
"461",461,840,"US",2,1957,57,13,3,1,50,1,0,2,0,7200,1,1,1,55,1,0,3152,1,1,6,1,2,3,0,0,3,21750,1,2,2.01e+14,0,0,21750,0.711973494
"462",462,840,"US",2,1948,66,12,3,1,35,1,0,2,0,3300,1,1,2,0,1,0,5161,6,3,6,1,2,3,0,0,3,13750,1,2,2.01e+14,0,0,13750,0.883275387
"463",463,840,"US",1,1951,63,14,3,2,0,1,0,0,0,110,6,1,1,40,1,0,1231,1,3,9,1,2,3,0,0,2,140000,1,2,2.01e+14,0,0,140000,1.820082617
"465",465,840,"US",1,1937,77,17,6,2,0,1,0,0,0,2310,6,1,2,0,1,0,4190,6,0,8,1,6,4,0,0,2,55000,1,2,2.01e+14,0,0,55000,0
"468",468,840,"US",2,1960,54,16,5,2,0,1,0,0,0,2332,2,1,1,60,1,0,1220,1,3,6,1,6,4,0,0,4,120000,1,2,2.01e+14,1,0,120000,1.391827883
"472",472,840,"US",2,1937,77,12,3,2,0,1,0,0,0,3300,6,2,1,30,2,0,6113,1,3,6,1,2,3,0,0,2,32500,1,2,2.01e+14,0,0,32500,0.481786575
"476",476,840,"US",2,1941,73,16,5,2,0,1,0,0,0,2411,6,1,2,0,1,0,2143,6,3,8,1,2,3,0,0,2,37500,1,2,2.01e+14,0,0,37500,0.374722892
"477",477,840,"US",2,1979,35,13,3,1,40,1,0,1,0,1227,1,1,1,40,1,0,7123,1,3,6,1,6,4,4,0,6,55000,1,2,2.01e+14,0,0,55000,0
"480",480,840,"US",2,1969,45,12,3,1,40,1,0,2,0,3231,1,1,1,25,2,0,4131,1,3,6,1,6,4,1,0,3,32500,1,1,2.01e+14,0,0,32500,0.481786575
"481",481,840,"US",2,1962,52,16,5,2,0,1,0,2,0,4115,1,1,2,0,1,0,3229,7,0,10,0,0,0,0,0,3,11250,1,1,2.01e+14,0,0,11250,0.936807229
"483",483,840,"US",1,1947,67,10,2,2,0,3,3,0,0,7231,6,1,1,40,1,0,5122,1,3,6,1,6,4,0,0,2,32500,1,2,2.01e+14,0,0,32500,0.481786575
"485",485,840,"US",1,1949,65,12,3,2,0,1,0,0,0,8162,6,1,1,24,1,0,3231,1,3,6,1,6,4,0,0,2,45000,1,2,2.01e+14,0,0,45000,0.214127367
"486",486,840,"US",1,1978,36,15,4,1,30,2,0,2,0,7243,1,1,1,40,1,0,3231,1,3,8,0,0,0,3,0,5,140000,1,2,2.01e+14,0,0,140000,1.820082617
"488",488,840,"US",2,1984,30,16,5,1,55,1,0,2,0,2331,1,1,1,60,1,0,5122,1,3,6,1,2,3,0,1,3,82500,1,2,2.01e+14,0,0,82500,0.588850258
"489",489,840,"US",2,1964,50,14,3,1,45,1,0,2,0,1227,1,1,1,45,1,0,7231,1,0,6,1,6,4,0,0,2,120000,1,1,2.01e+14,0,0,120000,1.391827883
"491",491,840,"US",1,1954,60,16,5,1,55,1,0,2,0,2121,1,1,1,60,1,0,1319,1,0,9,1,6,4,0,0,2,160000,1,1,2.01e+14,0,0,160000,2.24833735
"500",500,840,"US",2,1975,39,18,6,2,0,1,0,0,0,2446,7,1,1,40,1,0,3413,1,0,8,1,6,4,2,2,6,160000,1,2,2.01e+14,0,0,160000,2.24833735
"502",502,840,"US",2,1971,43,14,3,1,40,1,0,1,0,2230,1,1,1,40,1,0,5169,1,3,7,1,2,3,0,0,2,82500,1,2,2.01e+14,0,0,82500,0.588850258
"507",507,840,"US",1,1976,38,14,4,1,40,1,0,1,0,1233,1,1,1,12,1,0,5220,1,3,6,1,2,3,2,0,4,37500,1,2,2.01e+14,0,0,37500,0.374722892
"509",509,840,"US",2,1975,39,16,5,2,0,1,0,0,0,1231,7,1,1,40,2,0,3412,1,3,8,1,6,4,1,1,4,82500,1,2,2.01e+14,0,0,82500,0.588850258
"510",510,840,"US",1,1964,50,16,3,1,50,1,0,1,0,8152,1,1,1,40,1,0,2411,1,3,7,1,6,4,0,0,2,1e+05,1,2,2.01e+14,0,0,1e+05,0.96357315
"515",515,840,"US",2,1975,39,16,5,1,36,1,0,2,0,3231,1,1,1,40,1,0,1319,1,0,6,1,6,4,1,0,3,67500,1,1,2.01e+14,0,0,67500,0.267659208
"521",521,840,"US",1,1938,76,16,5,2,0,1,0,0,0,1210,6,1,2,0,1,0,4115,6,3,6,1,2,3,0,0,2,6500,1,1,2.01e+14,0,0,6500,1.038517728
"522",522,840,"US",2,1972,42,11,2,1,40,1,0,2,0,8322,1,1,1,40,1,0,9140,1,3,6,1,2,3,0,0,2,23750,1,1,2.01e+14,0,0,23750,0.669148021
"526",526,840,"US",1,1938,76,12,3,2,0,1,0,0,0,7232,6,2,2,0,1,0,5122,6,3,8,1,6,4,0,0,1,45000,1,5,2.01e+14,0,0,45000,0.214127367
"530",530,840,"US",2,1978,36,12,3,1,25,2,0,2,0,3226,1,1,1,70,2,0,2213,1,3,6,1,6,4,0,0,3,160000,1,5,2.01e+14,0,0,160000,2.24833735
"534",534,840,"US",1,1984,30,18,5,1,40,1,0,1,0,2320,1,1,1,50,1,0,2445,1,0,7,1,2,3,0,1,3,120000,1,2,2.01e+14,0,0,120000,1.391827883
"536",536,840,"US",2,1947,67,12,2,2,0,1,0,0,0,4212,6,1,2,0,1,0,9141,6,3,6,0,0,0,0,0,2,32500,1,2,2.01e+14,0,0,32500,0.481786575
"537",537,840,"US",2,1959,55,12,3,1,60,2,0,2,0,1233,1,1,1,40,1,0,9333,1,3,6,1,99,99,0,0,2,45000,1,2,2.01e+14,0,0,45000,0.214127367
"538",538,840,"US",2,1983,31,20,5,1,40,1,0,2,0,4115,1,1,1,40,1,0,9333,1,3,6,1,6,4,0,0,2,67500,1,2,2.01e+14,0,0,67500,0.267659208
"541",541,840,"US",2,1971,43,12,3,1,30,1,0,2,0,9160,1,2,1,45,1,0,7230,1,1,5,1,2,3,2,0,3,82500,1,2,2.01e+14,0,0,82500,0.588850258
"546",546,840,"US",2,1978,36,12,3,2,0,1,0,0,0,9140,7,1,1,50,1,0,8322,1,3,6,0,0,0,4,0,7,32500,1,2,2.01e+14,0,0,32500,0.481786575
"551",551,840,"US",2,1950,64,12,3,1,40,1,0,2,0,4131,1,1,1,24,1,0,6113,1,0,6,1,6,4,0,0,2,82500,1,2,2.01e+14,0,0,82500,0.588850258
"552",552,840,"US",2,1971,43,16,5,1,40,1,0,2,0,2132,1,1,1,45,1,0,2131,1,3,7,1,2,3,2,0,4,160000,1,2,2.01e+14,0,0,160000,2.24833735
"554",554,840,"US",1,1970,44,15,3,1,54,1,0,2,0,8200,1,1,1,32,2,0,5141,1,0,6,1,3,6,3,1,6,55000,1,1,2.01e+14,0,0,55000,0
"556",556,840,"US",2,1952,62,18,6,1,35,3,8,1,0,1239,1,1,1,35,1,0,2132,1,3,10,1,2,3,0,0,2,120000,1,1,2.01e+14,0,0,120000,1.391827883
"557",557,840,"US",1,1985,29,20,6,1,35,1,0,1,0,2222,1,1,1,40,1,0,2421,1,0,8,1,6,4,0,0,2,160000,1,1,2.01e+14,0,0,160000,2.24833735
"560",560,840,"US",2,1964,50,12,3,1,24,2,0,2,0,9131,1,1,1,56,1,0,7222,1,3,3,1,6,4,0,0,2,55000,1,1,2.01e+14,0,0,55000,0
"563",563,840,"US",2,1952,62,16,5,1,8,2,0,2,0,2446,1,1,1,40,1,0,1210,1,0,8,1,6,4,0,0,2,120000,1,2,2.01e+14,0,0,120000,1.391827883
"564",564,840,"US",1,1959,55,9,2,1,40,2,0,1,0,7231,1,2,2,0,1,0,4211,7,3,8,0,0,0,0,0,1,27500,1,2,2.01e+14,0,0,27500,0.588850258
"567",567,840,"US",1,1941,73,12,3,2,0,1,0,0,0,4122,6,1,2,0,1,0,4211,6,3,6,1,6,4,0,0,2,37500,1,2,2.01e+14,0,0,37500,0.374722892
"568",568,840,"US",2,1961,53,18,6,1,46,1,0,1,0,3231,1,2,1,50,1,0,3118,1,3,6,0,0,0,0,0,1,45000,1,1,2.01e+14,0,0,45000,0.214127367
"572",572,840,"US",2,1982,32,19,5,2,0,1,0,0,0,2142,2,1,1,42,1,0,9333,1,3,4,1,2,3,1,0,2,55000,1,1,2.01e+14,1,0,55000,0
"573",573,840,"US",1,1947,67,12,3,1,28,1,0,2,0,9151,1,1,2,0,1,0,2446,7,0,6,1,6,4,0,0,2,55000,1,2,2.01e+14,0,0,55000,0
"576",576,840,"US",1,1965,49,12,3,1,40,1,0,2,0,6113,1,2,1,48,1,0,1233,1,0,4,1,2,3,1,0,2,45000,1,1,2.01e+14,0,0,45000,0.214127367
"581",581,840,"US",2,1931,83,12,3,2,0,1,0,0,0,3133,7,1,2,0,1,0,5162,6,0,7,1,6,4,0,0,2,45000,1,2,2.01e+14,0,0,45000,0.214127367
"582",582,840,"US",1,1964,50,12,2,2,0,1,0,0,0,7132,2,1,1,40,1,0,1233,1,1,9,1,2,3,0,0,3,82500,1,2,2.01e+14,1,0,82500,0.588850258
"583",583,840,"US",2,1983,31,14,3,2,0,1,0,0,0,4115,3,1,1,60,1,0,3118,1,3,5,0,0,0,0,0,2,82500,1,2,2.01e+14,0,0,82500,0.588850258
"586",586,840,"US",2,1941,73,12,3,2,0,3,10,0,0,1227,6,1,2,0,2,0,2222,6,3,10,1,6,4,0,0,2,55000,1,2,2.01e+14,0,0,55000,0
"587",587,840,"US",1,1962,52,20,6,1,50,1,0,1,0,1210,1,1,1,60,1,0,2320,1,0,9,1,6,4,0,0,2,160000,1,2,2.01e+14,0,0,160000,2.24833735
"589",589,840,"US",2,1990,24,20,6,2,0,1,0,0,0,2359,3,2,2,0,1,0,2310,3,0,3,1,2,3,2,0,4,67500,1,2,2.01e+14,0,0,67500,0.267659208
"590",590,840,"US",1,1943,71,16,5,2,0,1,0,0,0,1220,6,1,1,32,1,0,3226,1,0,10,1,6,4,0,0,2,120000,1,2,2.01e+14,0,0,120000,1.391827883
"592",592,840,"US",1,1933,81,17,5,2,0,1,0,0,0,3417,6,1,2,0,1,0,4132,6,0,7,1,2,3,0,0,2,160000,1,2,2.01e+14,0,0,160000,2.24833735
"594",594,840,"US",2,1978,36,19,6,1,40,1,0,2,0,2411,1,1,1,40,1,0,2131,1,3,7,1,2,3,0,1,3,120000,1,2,2.01e+14,0,0,120000,1.391827883
"595",595,840,"US",1,1964,50,14,4,1,45,1,0,2,0,5162,1,1,1,45,1,0,1210,1,1,6,1,2,3,0,0,2,140000,1,1,2.01e+14,0,0,140000,1.820082617
"596",596,840,"US",1,1967,47,16,5,1,15,1,0,2,0,5220,1,1,2,0,1,0,3229,7,3,8,1,6,4,3,0,5,160000,1,2,2.01e+14,0,0,160000,2.24833735
"598",598,840,"US",1,1952,62,14,3,2,0,1,0,2,0,8323,1,1,1,20,1,0,4115,1,3,6,1,6,4,1,0,5,160000,1,2,2.01e+14,0,0,160000,2.24833735
"599",599,840,"US",2,1953,61,16,5,2,0,1,0,0,0,3412,5,1,1,30,2,0,2451,1,3,8,1,2,3,0,0,2,120000,1,2,2.01e+14,0,0,120000,1.391827883
"602",602,840,"US",2,1991,23,14,3,2,0,1,0,0,0,5169,2,1,1,55,1,0,2411,1,3,6,1,3,6,0,0,2,500,1,1,2.01e+14,1,0,500,1.166994148
"605",605,840,"US",1,1960,54,14,3,2,0,1,0,0,0,7231,7,1,1,40,1,0,4190,1,0,7,1,6,4,0,0,2,45000,1,2,2.01e+14,0,0,45000,0.214127367
"606",606,840,"US",1,1985,29,14,3,1,45,1,0,1,0,1225,1,1,1,50,1,0,2331,1,3,5,1,3,6,0,0,2,37500,1,2,2.01e+14,0,0,37500,0.374722892
"608",608,840,"US",2,1973,41,12,3,1,60,1,0,1,0,1233,1,1,2,0,1,0,9312,6,3,7,1,2,3,0,0,2,120000,1,2,2.01e+14,0,0,120000,1.391827883
"609",609,840,"US",2,1961,53,16,5,1,60,1,0,2,0,2331,1,1,1,50,1,0,2411,1,1,7,1,6,4,0,0,4,160000,1,2,2.01e+14,0,0,160000,2.24833735
"610",610,840,"US",2,1979,35,14,3,1,60,1,0,1,0,5163,1,1,1,65,1,0,2131,1,3,8,1,6,4,7,1,10,1e+05,1,2,2.01e+14,0,0,1e+05,0.96357315
"611",611,840,"US",2,1972,42,16,5,2,0,1,0,0,0,2446,7,1,1,40,2,0,2131,1,3,10,1,6,4,2,0,4,160000,1,2,2.01e+14,0,0,160000,2.24833735
"612",612,840,"US",2,1954,60,16,5,1,40,1,0,2,0,1319,1,1,1,50,1,0,3429,1,0,6,1,2,3,0,0,2,160000,1,2,2.01e+14,0,0,160000,2.24833735
"613",613,840,"US",1,1965,49,12,3,1,70,1,0,2,0,8322,1,1,1,40,1,0,4121,1,3,6,0,0,0,0,0,2,82500,1,2,2.01e+14,0,0,82500,0.588850258
"614",614,840,"US",2,1981,33,12,3,1,55,1,0,2,0,3110,1,1,1,40,1,0,1227,1,3,7,1,6,4,0,0,2,67500,1,2,2.01e+14,0,0,67500,0.267659208
"621",621,840,"US",1,1967,47,14,3,1,10,2,0,2,0,7136,1,1,1,32,1,0,9321,1,3,3,1,6,4,0,0,2,23750,1,1,2.01e+14,0,0,23750,0.669148021
"622",622,840,"US",1,1956,58,12,2,1,40,1,0,2,0,7141,1,1,1,40,1,0,4222,1,3,6,0,0,0,0,0,2,55000,1,1,2.01e+14,0,0,55000,0
"623",623,840,"US",2,1981,33,16,5,1,40,1,0,1,0,1239,1,1,1,50,1,0,7245,1,0,7,1,6,4,0,0,2,160000,1,1,2.01e+14,0,0,160000,2.24833735
"624",624,840,"US",1,1957,57,12,3,2,0,1,0,0,0,7245,6,1,1,43,1,0,3415,1,1,8,1,2,3,0,0,2,140000,1,1,2.01e+14,0,0,140000,1.820082617
"628",628,840,"US",1,1969,45,20,6,1,25,1,0,2,0,4111,1,1,1,7,1,0,2359,1,3,6,1,6,4,0,0,2,21750,1,2,2.01e+14,0,0,21750,0.711973494
"629",629,840,"US",1,1977,37,18,6,1,40,1,0,2,0,2412,1,1,1,15,1,0,4190,1,3,6,1,6,4,0,0,2,67500,1,2,2.01e+14,0,0,67500,0.267659208
"639",639,840,"US",1,1975,39,16,6,1,40,1,0,1,0,2141,1,1,1,15,1,0,4121,1,3,8,1,2,3,0,1,3,1e+05,1,1,2.01e+14,0,0,1e+05,0.96357315
"640",640,840,"US",2,1986,28,12,3,1,10,1,0,2,0,7200,1,1,1,40,1,0,9132,1,3,4,0,0,0,0,0,2,2000,1,2,2.01e+14,0,0,2000,1.134875043
"644",644,840,"US",2,1980,34,16,5,1,20,1,0,2,0,3110,1,1,1,55,1,0,1319,1,3,7,0,0,0,0,0,2,55000,1,2,2.01e+14,0,0,55000,0
"645",645,840,"US",1,1955,59,19,6,1,50,2,0,2,0,1233,1,1,1,30,1,0,3229,1,0,8,1,2,3,0,0,2,120000,1,2,2.01e+14,0,0,120000,1.391827883
"664",664,840,"US",1,1939,75,10,2,2,0,1,0,0,0,7230,6,1,2,0,1,0,8323,6,3,5,0,0,0,0,0,2,18750,1,2,2.01e+14,0,0,18750,0.776211704
"666",666,840,"US",2,1977,37,16,5,1,18,1,0,2,0,2211,1,1,1,40,1,0,2411,1,0,8,1,6,4,2,2,6,82500,1,2,2.01e+14,0,0,82500,0.588850258
"670",670,840,"US",1,1965,49,16,5,1,40,1,0,1,0,7230,1,1,1,40,1,0,4111,1,1,8,1,6,4,0,0,3,160000,1,2,2.01e+14,0,0,160000,2.24833735
"675",675,840,"US",2,1954,60,14,4,1,37,1,0,1,0,1231,1,1,1,37,1,0,8200,1,3,7,1,6,4,0,0,2,67500,1,2,2.01e+14,0,0,67500,0.267659208
"677",677,840,"US",1,1941,73,11,2,1,29,1,0,2,0,5120,1,1,2,0,1,0,2419,7,1,6,1,6,4,1,0,3,67500,1,2,2.01e+14,0,0,67500,0.267659208
"678",678,840,"US",2,1969,45,18,6,1,37,1,0,2,0,2411,1,1,1,40,1,0,1315,1,3,6,1,6,4,2,0,4,140000,1,2,2.01e+14,0,0,140000,1.820082617
"679",679,840,"US",1,1961,53,12,3,1,38,1,0,2,0,7240,1,1,2,0,1,0,5123,7,3,5,1,6,4,0,0,3,32500,1,2,2.01e+14,0,0,32500,0.481786575
"682",682,840,"US",2,1962,52,12,3,1,25,1,0,2,0,5123,1,1,1,50,1,0,5123,1,3,4,1,2,3,0,0,2,160000,1,2,2.01e+14,0,0,160000,2.24833735
"685",685,840,"US",1,1949,65,9,3,1,60,1,0,1,0,1235,1,1,1,40,1,0,3111,1,0,6,1,99,99,0,0,2,1e+05,1,2,2.01e+14,0,0,1e+05,0.96357315
"689",689,840,"US",2,1967,47,16,5,1,40,1,0,2,0,2320,1,1,1,40,1,0,2211,1,1,6,1,6,4,3,0,6,1e+05,1,2,2.01e+14,0,0,1e+05,0.96357315
"693",693,840,"US",2,1936,78,12,3,2,0,2,0,0,0,3413,6,1,2,0,2,0,3413,6,3,7,1,6,4,0,0,2,55000,1,1,2.01e+14,0,0,55000,0
"696",696,840,"US",1,1955,59,9,3,2,0,1,0,0,0,9140,5,1,1,40,1,0,9131,1,3,5,0,0,0,0,0,2,23750,1,2,2.01e+14,0,0,23750,0.669148021
"698",698,840,"US",2,1978,36,17,6,1,50,1,0,2,0,2320,1,1,1,40,1,0,9322,1,3,6,1,2,3,0,0,2,32500,1,2,2.01e+14,0,0,32500,0.481786575
"700",700,840,"US",1,1957,57,14,3,1,52,1,0,2,0,9333,1,1,2,0,1,0,9333,5,1,6,1,2,3,0,0,2,82500,1,2,2.01e+14,0,0,82500,0.588850258
"707",707,840,"US",2,1957,57,15,4,1,37,1,0,2,0,4115,1,1,1,32,2,0,5169,1,3,8,1,2,3,0,0,2,1e+05,1,2,2.01e+14,0,0,1e+05,0.96357315
"708",708,840,"US",1,1960,54,15,4,1,50,1,0,2,0,2148,1,1,2,0,1,0,2332,7,3,7,1,6,4,1,0,3,1e+05,1,2,2.01e+14,0,0,1e+05,0.96357315
"709",709,840,"US",1,1975,39,12,3,1,50,1,0,2,0,3231,1,1,2,0,1,0,3231,7,0,6,1,2,3,3,0,5,13750,1,2,2.01e+14,0,0,13750,0.883275387
"712",712,840,"US",2,1965,49,12,3,1,30,1,0,2,0,3231,1,1,1,28,1,0,3415,1,0,6,0,0,0,0,0,2,27500,1,2,2.01e+14,0,0,27500,0.588850258
"716",716,840,"US",2,1959,55,12,3,2,0,1,0,0,0,3231,6,1,2,0,1,0,8322,2,3,4,1,2,3,0,0,2,21750,1,1,2.01e+14,0,0,21750,0.711973494
"717",717,840,"US",1,1973,41,0,0,1,32,1,0,2,0,1227,1,1,2,0,1,0,4141,7,3,6,0,0,0,0,0,2,27500,1,1,2.01e+14,0,0,27500,0.588850258
"719",719,840,"US",1,1930,84,15,3,2,0,3,30,0,0,1233,6,1,2,0,1,0,4115,7,3,10,1,6,4,0,0,2,55000,1,2,2.01e+14,0,0,55000,0
"733",733,840,"US",2,1970,44,14,3,1,12,1,0,2,0,5131,1,1,1,40,1,0,2143,1,0,5,0,0,0,1,0,3,67500,1,1,2.01e+14,0,0,67500,0.267659208
"735",735,840,"US",2,1958,56,13,3,1,12,1,0,1,0,2446,1,1,1,24,2,0,2453,1,0,7,1,6,4,0,0,2,45000,1,1,2.01e+14,0,0,45000,0.214127367
"737",737,840,"US",1,1960,54,12,3,1,40,1,0,1,0,7232,1,1,2,0,1,0,4115,7,3,6,1,6,4,0,0,2,55000,1,1,2.01e+14,0,0,55000,0
"739",739,840,"US",2,1968,46,13,3,1,40,1,0,2,0,5220,1,1,1,40,1,0,1226,1,0,8,1,2,3,2,0,4,37500,1,1,2.01e+14,0,0,37500,0.374722892
"745",745,840,"US",2,1962,52,20,6,1,80,1,0,2,0,2221,1,1,1,40,1,0,2211,1,3,4,1,2,3,2,0,4,160000,1,2,2.01e+14,0,0,160000,2.24833735
"747",747,840,"US",2,1934,80,14,3,2,0,1,0,0,0,4211,6,1,2,0,2,0,7231,6,3,6,1,2,3,0,0,1,67500,1,2,2.01e+14,0,0,67500,0.267659208
"748",748,840,"US",2,1961,53,13,3,1,40,1,0,2,0,4121,1,1,2,0,1,0,1313,6,3,5,1,2,3,0,0,3,45000,1,2,2.01e+14,0,0,45000,0.214127367
"750",750,840,"US",2,1964,50,16,5,2,0,1,0,0,0,4131,7,1,1,40,1,0,1231,1,0,6,1,2,3,0,0,3,67500,1,2,2.01e+14,0,0,67500,0.267659208
"751",751,840,"US",2,1985,29,14,3,1,32,1,0,1,0,2332,1,1,1,68,1,0,8282,1,3,5,0,0,0,0,1,3,55000,1,2,2.01e+14,0,0,55000,0
"757",757,840,"US",2,1966,48,14,3,2,0,1,0,0,0,4131,7,1,1,45,1,0,1319,1,3,5,0,0,0,0,0,2,27500,1,1,2.01e+14,0,0,27500,0.588850258
"758",758,840,"US",1,1952,62,8,1,1,40,1,0,2,0,8332,1,1,1,32,1,0,3226,1,0,6,0,0,0,0,0,2,37500,1,1,2.01e+14,0,0,37500,0.374722892
"762",762,840,"US",2,1967,47,13,3,1,45,1,0,2,0,4115,1,1,1,40,1,0,7231,1,3,7,1,6,4,1,1,4,67500,1,2,2.01e+14,0,0,67500,0.267659208
"763",763,840,"US",1,1963,51,11,3,1,62,1,0,2,0,9320,1,1,1,46,1,0,1233,1,0,6,1,6,4,1,0,3,140000,1,2,2.01e+14,0,0,140000,1.820082617
"773",773,840,"US",1,1962,52,20,6,1,40,1,0,1,0,1229,1,1,2,0,1,0,1229,7,0,6,1,6,4,0,0,3,140000,1,2,2.01e+14,0,0,140000,1.820082617
"775",775,840,"US",1,1932,82,14,3,2,0,1,0,0,0,7243,6,1,2,0,1,0,8263,7,0,6,1,6,4,0,0,3,67500,1,1,2.01e+14,0,0,67500,0.267659208
"776",776,840,"US",1,1954,60,18,5,1,45,3,1,1,0,1313,1,1,1,35,2,0,1231,1,3,10,1,2,3,0,0,3,160000,1,2,2.01e+14,0,0,160000,2.24833735
"777",777,840,"US",2,1947,67,17,5,2,0,1,0,0,0,2320,7,1,2,0,1,0,2146,6,1,4,1,6,4,0,0,2,82500,1,2,2.01e+14,0,0,82500,0.588850258
"779",779,840,"US",1,1952,62,16,6,1,40,1,0,1,0,2421,1,1,1,40,1,0,1229,1,0,5,1,2,3,0,0,2,160000,1,2,2.01e+14,0,0,160000,2.24833735
"785",785,840,"US",2,1938,76,12,3,2,0,1,0,0,0,4110,7,1,2,0,1,0,8323,6,3,10,1,6,4,0,0,3,21750,1,1,2.01e+14,0,0,21750,0.711973494
"787",787,840,"US",2,1945,69,18,6,2,0,1,0,0,0,2331,6,1,2,0,1,0,2421,6,3,8,1,6,4,0,0,2,1e+05,1,2,2.01e+14,0,0,1e+05,0.96357315
"788",788,840,"US",2,1956,58,15,4,2,0,1,0,0,0,2230,7,1,1,80,1,0,2221,1,0,10,1,6,4,0,0,2,160000,1,2,2.01e+14,0,0,160000,2.24833735
"790",790,840,"US",1,1973,41,14,4,2,0,1,0,0,0,8322,7,1,1,60,1,0,1229,1,3,5,1,6,4,3,0,5,32500,1,2,2.01e+14,0,0,32500,0.481786575
"795",795,840,"US",1,1943,71,12,3,2,0,1,0,0,0,7214,6,1,2,0,1,0,4110,6,1,6,1,2,3,0,0,2,55000,1,1,2.01e+14,0,0,55000,0
"797",797,840,"US",1,1982,32,16,5,1,40,1,0,2,0,8322,1,1,1,40,1,0,3412,1,0,4,1,6,4,0,1,3,1e+05,1,1,2.01e+14,0,0,1e+05,0.96357315
"798",798,840,"US",2,1983,31,14,4,1,27,1,0,1,0,4115,1,1,1,42,1,0,7137,1,3,7,0,0,0,0,0,2,18750,1,2,2.01e+14,0,0,18750,0.776211704
"800",800,840,"US",1,1963,51,13,4,1,51,1,0,2,0,7245,1,1,1,35,1,0,2446,1,0,8,1,2,3,1,0,3,82500,1,2,2.01e+14,0,0,82500,0.588850258
"802",802,840,"US",1,1935,79,16,5,2,0,1,0,0,0,2143,6,1,2,0,1,0,2411,6,0,8,1,99,99,0,0,2,500,1,2,2.01e+14,0,0,500,1.166994148
"803",803,840,"US",1,1947,67,14,3,2,0,1,0,0,0,8282,6,1,2,0,1,0,4115,6,0,8,1,2,3,0,0,2,67500,1,2,2.01e+14,0,0,67500,0.267659208
"805",805,840,"US",2,1970,44,17,5,1,35,1,0,2,0,5123,1,1,1,70,1,0,8322,1,3,6,1,6,4,0,0,2,67500,1,2,2.01e+14,0,0,67500,0.267659208
"806",806,840,"US",2,1947,67,18,6,2,0,1,0,0,0,3229,6,1,2,0,1,0,4142,6,3,8,1,6,4,0,0,2,82500,1,2,2.01e+14,0,0,82500,0.588850258
"807",807,840,"US",1,1960,54,16,4,1,80,1,0,2,0,7222,1,1,2,0,1,0,2221,7,3,6,1,6,4,0,0,3,55000,1,2,2.01e+14,0,0,55000,0
"809",809,840,"US",2,1969,45,15,3,2,0,1,0,2,0,3229,1,1,1,40,1,0,3412,1,3,6,1,6,4,2,0,5,45000,1,2,2.01e+14,0,0,45000,0.214127367
"811",811,840,"US",1,1974,40,14,3,1,40,1,0,1,0,7230,1,1,1,50,1,0,3416,1,0,6,1,6,4,2,1,5,160000,1,2,2.01e+14,0,0,160000,2.24833735
"814",814,840,"US",1,1926,88,13,3,2,0,1,0,0,0,8322,6,1,2,0,1,0,2332,7,0,8,1,2,3,0,0,2,37500,1,2,2.01e+14,0,0,37500,0.374722892
"816",816,840,"US",2,1957,57,16,5,1,40,1,0,2,0,1220,1,1,1,70,1,0,5169,1,1,8,1,2,3,0,0,2,82500,1,1,2.01e+14,0,0,82500,0.588850258
"817",817,840,"US",2,1981,33,12,3,1,40,1,0,2,0,2310,1,1,1,40,1,0,7243,1,0,8,1,2,3,0,0,2,67500,1,1,2.01e+14,0,0,67500,0.267659208
"818",818,840,"US",2,1950,64,13,4,2,0,1,0,0,0,8200,6,1,2,0,1,0,8200,6,1,6,1,2,3,0,0,2,55000,1,2,2.01e+14,0,0,55000,0
"820",820,840,"US",1,1984,30,17,5,1,70,2,0,1,0,8290,1,1,1,40,1,0,2419,1,0,8,1,6,4,0,0,2,55000,1,2,2.01e+14,0,0,55000,0
"821",821,840,"US",2,1978,36,19,6,2,0,1,0,0,0,3229,5,1,1,40,1,0,3231,1,3,10,1,6,4,0,0,2,1e+05,1,1,2.01e+14,0,0,1e+05,0.96357315
"834",834,840,"US",2,1960,54,16,4,1,62,1,0,1,0,4110,1,1,1,50,1,0,1233,1,3,3,1,6,4,0,0,2,55000,1,4,2.01e+14,0,0,55000,0
"835",835,840,"US",2,1981,33,16,5,1,40,1,0,1,0,2230,1,1,1,55,1,0,7000,1,3,7,1,2,3,1,0,3,120000,1,4,2.01e+14,0,0,120000,1.391827883
"837",837,840,"US",1,1934,80,19,6,2,0,1,0,0,0,1210,6,1,2,0,2,0,3226,6,0,8,1,6,4,0,0,2,45000,1,3,2.01e+14,0,0,45000,0.214127367
"841",841,840,"US",2,1960,54,16,5,1,40,1,0,2,0,2446,1,1,2,0,1,0,8232,6,0,6,1,2,3,0,0,1,55000,1,3,2.01e+14,0,0,55000,0
"844",844,840,"US",1,1935,79,10,2,2,0,1,0,0,0,8200,6,1,2,0,1,0,5122,7,1,6,1,2,3,0,0,2,27500,1,2,2.01e+14,0,0,27500,0.588850258
"847",847,840,"US",1,1953,61,12,3,1,60,3,16,1,0,1225,1,1,1,70,2,0,1225,1,3,6,1,2,3,0,0,2,160000,1,2,2.01e+14,0,0,160000,2.24833735
"849",849,840,"US",1,1970,44,16,5,1,44,1,0,2,0,6113,1,1,1,40,1,0,3412,1,0,6,1,6,4,0,0,2,120000,1,2,2.01e+14,0,0,120000,1.391827883
"851",851,840,"US",2,1968,46,13,4,1,47,1,0,2,0,3415,1,1,1,48,1,0,9333,1,0,6,1,6,4,3,0,5,120000,1,2,2.01e+14,0,0,120000,1.391827883
"856",856,840,"US",1,1971,43,14,4,1,40,1,0,2,0,5162,1,1,1,40,1,0,1232,1,1,6,1,6,4,0,0,2,1e+05,1,1,2.01e+14,0,0,1e+05,0.96357315
"858",858,840,"US",1,1943,71,12,2,2,0,1,0,0,0,8322,6,1,2,0,1,0,8263,6,0,4,1,2,3,0,0,2,21750,1,1,2.01e+14,0,0,21750,0.711973494
"859",859,840,"US",2,1956,58,12,3,1,32,1,0,2,0,8151,1,1,1,40,1,0,7000,1,3,7,1,2,3,0,0,2,1e+05,1,1,2.01e+14,0,0,1e+05,0.96357315
"860",860,840,"US",2,1932,82,12,3,2,0,1,0,0,0,4115,6,1,2,0,1,0,8322,6,3,10,1,6,4,0,0,2,67500,1,1,2.01e+14,0,0,67500,0.267659208
"861",861,840,"US",1,1977,37,16,5,1,80,3,15,1,0,1210,1,1,1,40,1,0,2149,1,3,6,1,6,4,0,0,2,120000,1,1,2.01e+14,0,0,120000,1.391827883
"864",864,840,"US",2,1984,30,17,5,1,45,1,0,2,0,7200,1,1,1,45,1,0,7212,1,3,6,1,6,4,1,2,5,67500,1,2,2.01e+14,0,0,67500,0.267659208
"865",865,840,"US",1,1959,55,18,6,1,55,2,0,1,0,3415,1,1,1,20,1,0,2446,1,3,9,1,6,4,0,0,2,160000,1,2,2.01e+14,0,0,160000,2.24833735
"866",866,840,"US",1,1950,64,16,5,1,50,1,0,2,0,3415,1,1,2,0,1,0,4115,6,3,7,1,2,3,0,0,2,82500,1,2,2.01e+14,0,0,82500,0.588850258
"867",867,840,"US",2,1956,58,13,3,1,70,2,0,2,0,8322,1,1,1,70,2,0,8322,1,3,6,1,6,4,0,0,2,160000,1,2,2.01e+14,0,0,160000,2.24833735
"868",868,840,"US",2,1983,31,18,6,1,40,1,0,2,0,2224,1,1,1,40,1,0,2131,1,3,8,1,6,4,0,0,2,160000,1,2,2.01e+14,0,0,160000,2.24833735
"869",869,840,"US",1,1950,64,12,3,1,45,2,0,2,0,3413,1,1,1,45,2,0,2419,1,3,7,1,6,4,0,0,2,120000,1,2,2.01e+14,0,0,120000,1.391827883
"871",871,840,"US",2,1976,38,17,4,2,0,1,0,0,0,3231,7,1,1,48,1,0,7214,1,0,5,1,2,3,0,0,5,67500,1,1,2.01e+14,0,0,67500,0.267659208
"875",875,840,"US",1,1935,79,12,3,2,0,1,0,0,0,5163,6,1,1,15,1,0,9140,1,3,6,1,2,3,0,0,2,55000,1,1,2.01e+14,0,0,55000,0
"877",877,840,"US",1,1948,66,20,6,1,60,1,0,1,0,2221,1,1,1,40,1,0,2230,1,0,3,0,0,0,0,0,2,160000,1,1,2.01e+14,0,0,160000,2.24833735
"885",885,840,"US",1,1981,33,14,3,1,60,1,0,2,0,9333,1,1,1,25,1,0,4110,1,3,6,0,0,0,0,1,3,67500,1,2,2.01e+14,0,0,67500,0.267659208
"886",886,840,"US",1,1946,68,12,3,2,0,1,0,0,0,4131,6,1,2,0,1,0,4115,6,0,8,1,6,4,0,0,2,82500,1,2,2.01e+14,0,0,82500,0.588850258
"887",887,840,"US",1,1970,44,15,3,1,40,1,0,2,0,3415,1,1,1,65,1,0,4110,1,1,7,1,2,3,1,0,4,67500,1,2,2.01e+14,0,0,67500,0.267659208
"888",888,840,"US",2,1959,55,16,5,1,40,1,0,2,0,2411,1,1,2,0,1,0,1235,6,3,6,1,2,3,1,0,3,67500,1,2,2.01e+14,0,0,67500,0.267659208
"892",892,840,"US",2,1980,34,11,2,1,36,1,0,1,0,1225,1,1,1,50,1,0,3152,1,3,6,1,6,4,0,0,2,32500,1,2,2.01e+14,0,0,32500,0.481786575
"902",902,840,"US",2,1949,65,6,1,1,40,1,0,1,0,5122,1,1,1,40,1,0,7231,1,3,10,1,2,3,0,0,2,4500,1,2,2.01e+14,0,0,4500,1.081343202
"907",907,840,"US",1,1935,79,14,3,2,0,1,0,0,0,5162,6,1,2,0,1,0,3226,6,3,6,1,6,4,0,0,2,37500,1,3,2.01e+14,0,0,37500,0.374722892
"909",909,840,"US",2,1935,79,11,2,2,0,1,0,0,0,5220,6,1,2,0,1,0,1226,6,0,6,1,6,4,0,0,2,21750,1,3,2.01e+14,0,0,21750,0.711973494
"910",910,840,"US",2,1982,32,11,2,2,0,1,0,0,0,3221,7,1,1,65,1,0,7231,1,3,6,0,0,0,3,1,6,37500,1,3,2.01e+14,0,0,37500,0.374722892
"922",922,840,"US",2,1989,25,10,3,1,57,1,0,1,0,1225,1,2,1,30,1,0,9140,1,3,6,0,0,0,0,0,3,140000,1,1,2.01e+14,0,0,140000,1.820082617
"927",927,840,"US",2,1952,62,0,0,1,28,1,0,2,0,1231,1,1,2,0,2,0,1235,6,3,7,1,6,4,0,0,2,120000,1,1,2.01e+14,0,0,120000,1.391827883
"928",928,840,"US",2,1979,35,15,4,1,30,1,0,1,0,3229,1,1,1,60,1,0,3111,1,0,6,1,6,4,1,1,4,67500,1,1,2.01e+14,0,0,67500,0.267659208
"929",929,840,"US",1,1959,55,16,5,1,70,3,18,1,0,1319,1,1,1,20,2,0,3416,1,3,7,1,6,4,1,0,3,160000,1,1,2.01e+14,0,0,160000,2.24833735
"931",931,840,"US",1,1961,53,14,4,1,40,1,0,2,0,110,1,1,1,40,1,0,3231,1,3,6,1,99,99,0,0,2,1e+05,1,1,2.01e+14,0,0,1e+05,0.96357315
"940",940,840,"US",1,1983,31,15,4,1,45,1,0,2,0,5162,1,1,1,24,1,0,3231,1,1,6,1,2,3,0,0,2,67500,1,1,2.01e+14,0,0,67500,0.267659208
"941",941,840,"US",2,1928,86,20,5,2,0,1,0,0,0,2331,6,1,2,0,1,0,7136,6,0,10,1,99,99,0,0,2,55000,1,2,2.01e+14,0,0,55000,0
"946",946,840,"US",2,1961,53,14,3,1,50,2,0,1,0,1319,1,1,1,50,2,0,8152,1,3,8,1,6,4,0,0,2,82500,1,1,2.01e+14,0,0,82500,0.588850258
"947",947,840,"US",2,1958,56,20,6,1,45,1,0,2,0,2445,1,1,1,60,2,0,2222,1,3,8,1,2,3,0,0,2,160000,1,1,2.01e+14,0,0,160000,2.24833735
"951",951,840,"US",2,1951,63,12,3,2,0,2,0,0,0,5131,7,1,1,45,1,0,9140,1,3,6,0,0,0,0,0,3,37500,1,1,2.01e+14,0,0,37500,0.374722892
"953",953,840,"US",1,1971,43,12,3,1,52,1,0,1,0,7000,1,1,1,40,1,0,3225,1,3,7,1,2,3,2,0,4,82500,1,2,2.01e+14,0,0,82500,0.588850258
"954",954,840,"US",1,1958,56,9,2,1,50,1,0,1,0,1311,1,1,2,0,1,0,9211,7,3,7,1,2,3,2,0,4,67500,1,2,2.01e+14,0,0,67500,0.267659208
"957",957,840,"US",2,1947,67,14,3,2,0,1,0,0,0,3432,6,1,2,0,1,0,3415,6,3,6,1,6,4,0,0,2,120000,1,1,2.01e+14,0,0,120000,1.391827883
"959",959,840,"US",1,1952,62,16,5,2,0,1,0,0,0,3221,6,1,1,24,1,0,3226,1,3,8,1,2,3,0,0,2,140000,1,1,2.01e+14,0,0,140000,1.820082617
"960",960,840,"US",2,1973,41,15,3,2,0,1,0,0,0,1233,7,1,1,40,1,0,5163,1,3,6,1,6,4,0,0,2,67500,1,1,2.01e+14,0,0,67500,0.267659208
"973",973,840,"US",2,1963,51,14,3,1,40,1,0,2,0,4121,1,1,1,50,1,0,1233,1,0,6,1,2,3,1,0,4,120000,1,1,2.01e+14,0,0,120000,1.391827883
"976",976,840,"US",2,1985,29,12,3,2,0,1,0,0,0,4115,7,1,1,40,1,0,2446,1,3,6,1,6,4,0,2,4,55000,1,1,2.01e+14,0,0,55000,0
"978",978,840,"US",1,1949,65,16,5,1,50,3,20,1,0,1210,1,1,2,0,1,0,4141,7,3,6,1,6,4,0,0,2,67500,1,2,2.01e+14,0,0,67500,0.267659208
"980",980,840,"US",1,1935,79,15,3,1,30,3,1,2,0,1221,1,1,2,0,1,0,2432,7,0,6,1,6,4,0,0,2,1e+05,1,2,2.01e+14,0,0,1e+05,0.96357315
"986",986,840,"US",1,1977,37,20,6,1,40,1,0,2,0,2310,1,1,1,20,1,0,2310,1,3,7,1,2,3,0,1,3,55000,1,1,2.01e+14,0,0,55000,0
"989",989,840,"US",2,1969,45,11,2,2,0,3,1,0,0,9131,7,1,2,0,1,0,7141,7,3,6,0,0,0,1,0,3,2000,1,1,2.01e+14,0,0,2000,1.134875043
"998",998,840,"US",2,1965,49,14,3,2,0,2,0,0,0,8322,7,1,2,0,1,0,8322,9,0,6,0,0,0,0,0,3,67500,1,4,2.01e+14,0,0,67500,0.267659208
"999",999,840,"US",2,1982,32,16,5,1,30,1,0,2,0,3432,1,1,1,45,1,0,7230,1,0,7,1,6,4,0,0,2,37500,1,2,2.01e+14,0,0,37500,0.374722892
"1001",1001,840,"US",2,1926,88,3,0,2,0,2,0,0,0,9131,6,1,2,0,1,0,110,6,0,8,1,2,3,0,0,2,82500,1,2,2.01e+14,0,0,82500,0.588850258
"1002",1002,840,"US",1,1954,60,12,3,1,10,2,0,2,0,8332,1,1,1,50,2,0,9131,1,3,6,1,2,3,0,0,2,1e+05,1,2,2.01e+14,0,0,1e+05,0.96357315
"1005",1005,840,"US",2,1989,25,13,3,1,12,2,0,2,0,3429,1,1,2,0,1,0,7230,3,3,6,1,6,4,0,0,2,23750,1,2,2.01e+14,0,0,23750,0.669148021
"1006",1006,840,"US",2,1961,53,18,6,1,40,2,0,2,0,2310,1,1,1,40,2,0,7141,1,3,1,1,6,4,0,0,3,27500,1,2,2.01e+14,0,0,27500,0.588850258
"1008",1008,840,"US",2,1958,56,11,3,1,40,1,0,1,0,5123,1,1,1,70,1,0,8322,1,0,6,1,6,4,1,0,3,55000,1,2,2.01e+14,0,0,55000,0
"1010",1010,840,"US",2,1967,47,11,3,1,40,1,0,1,0,4131,1,1,1,28,1,0,5123,1,3,6,0,0,0,0,0,2,23750,1,2,2.01e+14,0,0,23750,0.669148021
"1013",1013,840,"US",2,1972,42,20,6,1,70,1,0,2,0,2310,1,1,1,35,1,0,2310,1,0,6,1,2,3,2,0,4,120000,1,2,2.01e+14,0,0,120000,1.391827883
"1016",1016,840,"US",1,1966,48,18,5,1,40,1,0,2,0,110,1,1,1,40,1,0,1229,1,0,6,1,2,3,2,0,5,120000,1,2,2.01e+14,0,0,120000,1.391827883
"1021",1021,840,"US",1,1987,27,16,5,1,50,1,0,2,0,5162,1,1,1,40,1,0,2230,1,0,5,1,6,4,0,0,2,82500,1,2,2.01e+14,0,0,82500,0.588850258
"1023",1023,840,"US",2,1967,47,14,3,1,15,2,0,2,0,2451,1,1,1,60,1,0,1231,1,0,8,1,6,4,0,0,3,55000,1,2,2.01e+14,0,0,55000,0
"1026",1026,840,"US",2,1972,42,11,2,2,0,1,0,0,0,1225,7,1,2,0,1,0,8332,5,3,6,0,0,0,1,1,4,13750,1,2,2.01e+14,0,0,13750,0.883275387
"1031",1031,840,"US",1,1956,58,8,1,1,40,1,0,2,0,9333,1,1,1,40,1,0,2411,1,3,7,0,0,0,0,0,2,67500,1,2,2.01e+14,0,0,67500,0.267659208
"1032",1032,840,"US",1,1952,62,16,5,2,0,1,0,0,0,1231,6,1,2,0,1,0,3411,6,3,7,1,6,4,0,0,2,1e+05,1,2,2.01e+14,0,0,1e+05,0.96357315
"1033",1033,840,"US",1,1966,48,16,5,1,60,1,0,2,0,4122,1,1,2,0,1,0,2331,7,3,7,1,6,4,2,0,4,160000,1,2,2.01e+14,0,0,160000,2.24833735
"1034",1034,840,"US",1,1965,49,14,3,1,40,1,0,1,0,1225,1,1,1,50,1,0,2340,1,3,3,0,0,0,0,0,3,1e+05,1,2,2.01e+14,0,0,1e+05,0.96357315
"1035",1035,840,"US",1,1976,38,16,5,1,40,1,0,1,0,1229,1,1,1,60,1,0,1220,1,3,8,0,0,0,0,0,2,160000,1,2,2.01e+14,0,0,160000,2.24833735
"1036",1036,840,"US",2,1973,41,16,4,1,25,1,0,2,0,3221,1,1,1,40,1,0,2460,1,3,4,1,6,4,3,0,5,67500,1,2,2.01e+14,0,0,67500,0.267659208
"1038",1038,840,"US",1,1958,56,13,3,1,40,1,0,1,0,8322,1,1,1,44,1,0,3417,1,3,6,1,6,4,1,0,4,67500,1,2,2.01e+14,0,0,67500,0.267659208
"1040",1040,840,"US",1,1952,62,16,5,2,0,1,0,0,0,110,6,1,2,0,1,0,5220,6,0,7,1,2,3,0,0,2,1e+05,1,5,2.01e+14,0,0,1e+05,0.96357315
"1043",1043,840,"US",1,1984,30,12,3,1,20,1,0,1,0,2460,1,1,1,40,1,0,2331,1,3,7,1,6,4,0,0,2,45000,1,5,2.01e+14,0,0,45000,0.214127367
"1044",1044,840,"US",2,1977,37,11,2,2,0,1,0,0,0,2411,7,1,1,60,1,0,8322,1,3,5,1,6,4,2,0,4,55000,1,5,2.01e+14,0,0,55000,0
"1045",1045,840,"US",1,1963,51,12,3,2,0,2,0,2,0,1221,1,1,1,70,2,0,4115,1,0,8,1,6,4,1,0,3,160000,1,5,2.01e+14,0,0,160000,2.24833735
"1049",1049,840,"US",2,1956,58,13,3,1,40,1,0,1,0,2230,1,1,2,0,1,0,1235,7,3,8,1,2,3,0,0,2,67500,1,4,2.01e+14,0,0,67500,0.267659208
"1051",1051,840,"US",2,1966,48,14,4,1,52,1,0,2,0,3231,1,1,1,40,1,0,8200,1,3,6,1,3,6,0,0,4,32500,1,4,2.01e+14,0,0,32500,0.481786575
"1054",1054,840,"US",2,1975,39,15,4,1,28,1,0,1,0,2230,1,1,1,50,1,0,5220,1,3,6,1,6,4,0,0,2,1e+05,1,5,2.01e+14,0,0,1e+05,0.96357315
"1055",1055,840,"US",1,1938,76,18,6,2,0,1,0,0,0,1210,6,1,2,0,1,0,4115,6,0,9,1,6,4,0,0,2,82500,1,5,2.01e+14,0,0,82500,0.588850258
"1056",1056,840,"US",2,1944,70,12,3,2,0,1,0,0,0,4190,6,1,2,0,1,0,8322,6,0,5,0,0,0,0,0,3,55000,1,5,2.01e+14,0,0,55000,0
"1057",1057,840,"US",2,1961,53,11,2,2,0,1,0,0,0,5123,7,1,1,40,1,0,4142,1,0,4,1,6,4,0,0,2,55000,1,5,2.01e+14,0,0,55000,0
"1058",1058,840,"US",1,1941,73,10,3,2,0,1,0,0,0,1233,6,1,2,0,1,0,4115,7,1,8,0,0,0,0,0,2,45000,1,5,2.01e+14,0,0,45000,0.214127367
"1060",1060,840,"US",2,1956,58,12,3,1,36,1,0,2,0,3229,1,1,1,50,1,0,7231,1,3,8,0,0,0,0,0,2,67500,1,5,2.01e+14,0,0,67500,0.267659208
"1061",1061,840,"US",1,1992,22,13,3,1,45,1,0,1,0,110,1,1,1,45,1,0,5123,1,0,5,0,0,0,0,0,2,37500,1,4,2.01e+14,0,0,37500,0.374722892
"1064",1064,840,"US",2,1971,43,12,2,1,32,1,0,2,0,4190,1,1,1,55,1,0,110,1,0,6,0,0,0,0,0,4,67500,1,5,2.01e+14,0,0,67500,0.267659208
"1066",1066,840,"US",2,1989,25,12,3,2,0,1,0,0,0,4115,7,1,1,60,2,0,8322,1,3,5,0,0,0,0,0,2,160000,1,5,2.01e+14,0,0,160000,2.24833735
"1067",1067,840,"US",2,1969,45,18,6,1,40,1,0,2,0,4110,1,1,2,0,1,0,110,6,3,8,0,0,0,0,0,2,82500,1,5,2.01e+14,0,0,82500,0.588850258
"1068",1068,840,"US",1,1944,70,14,4,2,0,1,0,0,0,110,6,1,2,0,1,0,3432,7,0,4,1,6,4,0,0,2,32500,1,5,2.01e+14,0,0,32500,0.481786575
"1069",1069,840,"US",2,1975,39,15,3,2,0,1,0,0,0,4190,2,1,1,45,1,0,1231,1,3,7,0,0,0,0,0,2,55000,1,5,2.01e+14,1,0,55000,0
"1071",1071,840,"US",1,1971,43,20,6,1,40,1,0,2,0,2131,1,1,1,40,1,0,2432,1,3,4,1,6,4,2,0,4,1e+05,1,5,2.01e+14,0,0,1e+05,0.96357315
"1074",1074,840,"US",2,1976,38,9,2,2,0,1,0,0,0,4211,7,1,1,50,1,0,110,1,3,4,0,0,0,2,0,4,37500,1,3,2.01e+14,0,0,37500,0.374722892
"1076",1076,840,"US",1,1949,65,12,3,1,20,2,0,2,0,2142,1,1,1,16,1,0,4222,1,3,6,1,6,4,0,0,2,82500,1,5,2.01e+14,0,0,82500,0.588850258
"1083",1083,840,"US",2,1937,77,16,3,2,0,1,0,0,0,2230,6,1,2,0,1,0,8111,6,3,8,1,2,3,0,0,2,55000,1,4,2.01e+14,0,0,55000,0
"1088",1088,840,"US",2,1955,59,15,4,1,55,1,0,1,0,2451,1,1,2,0,2,0,2446,6,3,5,1,2,3,0,0,2,55000,1,3,2.01e+14,0,0,55000,0
"1090",1090,840,"US",2,1962,52,12,3,2,0,1,0,0,0,8141,7,1,1,60,1,0,1223,1,3,5,1,2,3,0,0,3,67500,1,3,2.01e+14,0,0,67500,0.267659208
"1096",1096,840,"US",2,1960,54,16,5,1,40,3,10,1,0,1313,1,1,1,40,1,0,7000,1,0,5,1,6,4,0,0,2,1e+05,1,2,2.01e+14,0,0,1e+05,0.96357315
"1099",1099,840,"US",2,1974,40,14,4,1,30,1,0,2,0,3226,1,1,1,48,1,0,8253,1,0,5,0,0,0,2,0,4,140000,1,5,2.01e+14,0,0,140000,1.820082617
"1101",1101,840,"US",2,1958,56,11,3,1,40,1,0,2,0,9140,1,1,1,50,1,0,8322,1,1,6,1,6,4,0,0,2,55000,1,5,2.01e+14,0,0,55000,0
"1102",1102,840,"US",1,1976,38,18,6,1,50,1,0,2,0,7240,1,1,1,40,1,0,2224,1,1,7,0,0,0,0,1,3,120000,1,5,2.01e+14,0,0,120000,1.391827883
"1104",1104,840,"US",2,1960,54,18,6,1,46,1,0,2,0,2359,1,1,1,25,1,0,5220,1,3,4,1,2,3,0,0,2,45000,1,5,2.01e+14,0,0,45000,0.214127367
"1106",1106,840,"US",2,1960,54,16,5,1,40,1,0,2,0,3211,1,1,1,60,1,0,2141,1,3,7,1,2,3,0,0,2,1e+05,1,4,2.01e+14,0,0,1e+05,0.96357315
"1107",1107,840,"US",1,1950,64,13,3,2,0,1,0,0,0,110,6,1,1,46,1,0,3231,1,3,6,1,6,4,0,0,3,82500,1,4,2.01e+14,0,0,82500,0.588850258
"1108",1108,840,"US",2,1963,51,12,3,1,15,2,0,2,0,9131,1,1,1,32,1,0,7137,1,0,7,1,2,3,0,0,2,67500,1,5,2.01e+14,0,0,67500,0.267659208
"1112",1112,840,"US",1,1975,39,12,3,2,0,1,0,2,0,7200,1,1,1,20,2,0,1233,1,0,6,1,6,4,3,0,5,82500,1,5,2.01e+14,0,0,82500,0.588850258
"1113",1113,840,"US",1,1984,30,17,5,1,48,1,0,2,0,3111,1,1,1,40,1,0,3231,1,1,6,1,3,6,0,2,4,1e+05,1,5,2.01e+14,0,0,1e+05,0.96357315
"1114",1114,840,"US",1,1947,67,20,6,1,75,1,0,2,0,2221,1,1,1,60,1,0,2221,1,3,5,1,6,4,0,0,2,160000,1,5,2.01e+14,0,0,160000,2.24833735
"1116",1116,840,"US",2,1985,29,16,4,1,24,1,0,1,0,2230,1,1,1,48,1,0,8332,1,0,6,1,2,3,0,1,3,82500,1,5,2.01e+14,0,0,82500,0.588850258
"1117",1117,840,"US",2,1966,48,12,3,2,0,1,0,0,0,5141,7,1,1,14,2,0,1233,1,3,7,1,6,4,1,0,3,160000,1,5,2.01e+14,0,0,160000,2.24833735
"1125",1125,840,"US",2,1962,52,12,3,1,55,1,0,2,0,7243,1,1,2,0,1,0,8332,7,3,10,1,2,3,0,0,3,27500,1,5,2.01e+14,0,0,27500,0.588850258
"1127",1127,840,"US",2,1988,26,13,3,1,55,1,0,2,0,9333,1,1,2,0,2,0,7240,7,3,5,0,0,0,3,0,5,45000,1,5,2.01e+14,0,0,45000,0.214127367
"1128",1128,840,"US",1,1943,71,14,4,1,70,2,0,2,0,1221,1,1,1,60,1,0,5220,1,0,10,1,6,4,0,0,2,82500,1,5,2.01e+14,0,0,82500,0.588850258
"1131",1131,840,"US",2,1953,61,16,5,2,0,1,0,0,0,3211,6,1,2,0,2,0,1313,6,0,6,1,6,4,0,0,2,27500,1,5,2.01e+14,0,0,27500,0.588850258
"1132",1132,840,"US",2,1974,40,14,3,1,44,1,0,1,0,4110,1,1,1,60,1,0,7231,1,3,6,0,0,0,1,1,4,1e+05,1,5,2.01e+14,0,0,1e+05,0.96357315
"1137",1137,840,"US",1,1961,53,14,4,1,67,1,0,1,0,7233,1,1,2,0,1,0,3415,5,3,8,1,2,3,0,0,2,67500,1,4,2.01e+14,0,0,67500,0.267659208
"1140",1140,840,"US",2,1958,56,13,3,1,40,1,0,1,0,1239,1,1,1,60,1,0,110,1,3,6,1,6,4,0,0,3,1e+05,1,5,2.01e+14,0,0,1e+05,0.96357315
"1147",1147,840,"US",2,1979,35,12,3,2,0,1,0,0,0,9113,7,1,1,40,1,0,7214,1,0,6,0,0,0,2,1,5,67500,1,2,2.01e+14,0,0,67500,0.267659208
"1148",1148,840,"US",2,1947,67,14,4,2,0,1,0,0,0,2230,6,1,2,0,1,0,8100,6,0,6,1,6,4,0,0,2,37500,1,2,2.01e+14,0,0,37500,0.374722892
"1151",1151,840,"US",2,1973,41,14,4,1,40,1,0,2,0,3211,1,1,2,0,1,0,7245,2,0,6,0,0,0,0,0,3,67500,1,2,2.01e+14,0,0,67500,0.267659208
"1153",1153,840,"US",2,1945,69,19,6,2,0,1,0,0,0,2421,6,1,2,0,1,0,1239,6,3,8,1,2,3,0,0,2,45000,1,4,2.01e+14,0,0,45000,0.214127367
"1155",1155,840,"US",2,1966,48,18,5,1,20,1,0,2,0,2230,1,1,1,40,2,0,1319,1,0,7,1,6,4,2,0,4,45000,1,5,2.01e+14,0,0,45000,0.214127367
"1157",1157,840,"US",1,1960,54,16,5,1,40,1,0,1,0,1220,1,1,1,40,1,0,2332,1,3,6,1,2,3,1,1,4,82500,1,5,2.01e+14,0,0,82500,0.588850258
"1158",1158,840,"US",2,1961,53,16,5,1,40,1,0,1,0,1239,1,1,1,40,1,0,2320,1,3,6,1,2,3,0,0,2,82500,1,5,2.01e+14,0,0,82500,0.588850258
"1159",1159,840,"US",1,1962,52,16,5,1,50,1,0,1,0,110,1,1,1,40,1,0,4222,1,3,7,1,2,3,0,0,2,82500,1,5,2.01e+14,0,0,82500,0.588850258
"1160",1160,840,"US",1,1952,62,12,3,1,48,1,0,2,0,9161,1,1,1,12,1,0,4121,1,3,6,1,2,3,1,0,3,45000,1,5,2.01e+14,0,0,45000,0.214127367
"1161",1161,840,"US",2,1981,33,15,3,2,0,1,0,0,0,2451,3,1,1,70,2,0,5141,1,3,7,1,2,3,3,1,6,67500,1,5,2.01e+14,0,0,67500,0.267659208
